Workbook
Name \0: #REF!
Name \0: #REF!
Name \0: #REF!
Name \a: #N/A
Name \c: [1]Plan2!#REF!
Name \c: [1]Plan2!#REF!
Name \c: [1]Plan2!#REF!
Name \p: [1]Plan2!#REF!
Name \p: [1]Plan2!#REF!
Name \p: [1]Plan2!#REF!
Name \Q: #REF!
Name \Q: #REF!
Name \Q: #REF!
Name \Z: #REF!
Name \Z: #REF!
Name \Z: #REF!
Name ______R: #REF!
Name ______R: #REF!
Name ______R: #REF!
Name _____R: #REF!
Name _____R: #REF!
Name _____R: #REF!
Name ____R: #REF!
Name ____R: #REF!
Name ____R: #REF!
Name ____VB6: #REF!
Name ____VB6: #REF!
Name ____VB6: #REF!
Name ___R: '[2]Solo I'!#REF!
Name ___R: '[2]Solo I'!#REF!
Name ___R: '[2]Solo I'!#REF!
Name ___VB6: #REF!
Name ___VB6: #REF!
Name ___VB6: #REF!
Name __EQP1: #REF!
Name __EQP2: #REF!
Name __EQP3: #REF!
Name __EQP4: #REF!
Name __EQP5: #REF!
Name __EQP6: #REF!
Name __R: '[2]Solo I'!#REF!
Name __R: '[2]Solo I'!#REF!
Name __R: '[2]Solo I'!#REF!
Name __VB6: #REF!
Name __VB6: #REF!
Name __VB6: #REF!
Name _1: #N/A
Name _1____MÃO_DE_OBRA_DIRETA: '[3]-01-MOD'!$A$1
Name _11: #N/A
Name _13.1___MATERIAL_CONSUMO: '[3]13-MAT-FERR'!$A$2
Name _13.2___MATERIAL_APLICAÇÃO: '[3]13-MAT-FERR'!$A$5
Name _13.3__FERRAMENTAS: '[3]13-MAT-FERR'!$A$39
Name _13____MATERIAIS_E_FERRAMENTAS: '[3]13-MAT-FERR'!$A$1
Name _14____MATERIAL_DE_SEGURANÇA: '[3]14-MAT.SEG '!$A$1
Name _15____DIVERSOS: '[3]15-DIVERSOS'!$A$1
Name _16.1___EQUIPAMENTOS_MAIORES: '[3]16-EQUIP.'!$A$4
Name _16.2___EQUIPAMENTOS_MENORES: '[3]16-EQUIP.'!$A$53
Name _16.3___VEÍCULOS: '[4]16-EQUIP.'!#REF!
Name _16.3___VEÍCULOS: '[4]16-EQUIP.'!#REF!
Name _16.3___VEÍCULOS: '[4]16-EQUIP.'!#REF!

Sheet Capa
A2: Lista de Cargas | BA2: PBC-LC-25E-0001
A4: Projeto N°: PBC-001-25E-0001 | BA4: Projeto: Banco de Capacitor
A17: Lista de Cargas
A35: 1 | D35: 10/05/2025 | J35: EALB | P35: EALB | V35: DFER | AB35: Aprovado
A36: 0 | D36: 08/04/2025 | J36: EALB | P36: EALB | V36: DFER | AB36: Para Comentários
A37: Rev. | D37: Data | J37: Elaborado | P37: Revisado | V37: Aprovado | AB37: Propósito da Emissão

Sheet Referências e Notas
A2: Lista de Cargas | G2: PBC-LC-25E-0001
A4: Projeto N°: PBC-001-25E-0001 | G4: Projeto: Banco de Capacitor
A6: NOTAS:
A8: 1 - NESSA LISTA OS EQUIPAMENTOS FUTUROS NÃO FORAM CONSIDERADOS;
A9: 2 - FATOR DE DEMANDA APLICADO PARA TODOS OS EQUIPAMENTOS DE PROCESSOS: 60%;
A10: 3 - OS QUADROS DE DISTRIBUIÇÃO DE FORÇA (QDF) INDICADOS NESSA LISTA, ALIMENTAM ALÉM DA CARGAS TERMINAIS, OUTROS QUADROS COMO OS DE DISTRIBUIÇÃO DE FORÇA E ILUMINAÇÃO (QDFL), PARA DETALHES DE CARGAS, DEVERÁ SE CONSULTADOS OS DIAGRAMAS UNIFILARES CORRESPONDENTE A CADA QUADRO;
A13: 4 - O PAINEL DE MÉDIA TENSÃO DEVE ESTAR EM CONFORMIDADE COM A NORMA ABNT NBR IEC 62271-200 E A ABNT NBR 14039;
A15: 5 - OS PAINÉIS DE BAIXA TENSÃO DEVERÃO ESTAR EM CONFORMIDADE COM A NORMA ABNT NBR IEC 61439:2016, BEM COMO NR-10 E NR-12;
A17: 6 - DEVERÁ SER PREVISTO UM BANCO DE CAPACITOR PARA CORRIGIR O FATOR DE POTÊNCIA DA INSTALAÇÃO E LIBERAR POTÊNCIA DO TRANSFORMADOR;
A19: 7 - PARA DIAGRAMA UNIFILAR VER DOCUMENTO: UN-PBC-25E-0001.
A22: REFERÊNCIAS:
A24: 1 - ABNT – Associação Brasileira De Normas Técnicas. NBR 5410: Instalações Elétricas de Baixa Tensão. Rio de Janeiro: ABNT, 2004. 209 p. 2 - ABNT – Associação Brasileira de Normas Técnicas. NBR 5419: Proteção contra descargas atmosféricas. Rio de Janeiro: ABNT, 2015. 3 - ABNT – Associação Brasileira De Normas Técnicas. NBR IEC 61439-1: Conjuntos de manobra e controle de baixa tensão - Parte 1: Regras gerais. Rio de Janeiro: ABNT, 2016. 147 p. 4 - ABNT – Associação Brasileira De Normas Técnicas. NBR IEC 61439-2: Conjuntos de manobra e controle de baixa tensão - Parte 2: Requisitos para conjuntos de manobra e controle de baixa tensão. Rio de Janeiro: ABNT, 2016. 22 p. 5 - ABNT. Associação Brasileira de Normas Técnicas. ABNT NBR IEC 60947-2: Aparelhos de manobra e comando de baixa tensão – Parte 2: Disjuntores. Rio de Janeiro, 2011. 6 - ANEEL – Agência Nacional de Energia Elétrica. Resolução Normativa ANEEL nº 1000. Brasília, ANEEL, 2021. 7 - Ministério do Trabalho e Emprego. NR 10: Segurança em Instalações e Serviços em Eletricidade. Brasília: Ministério do Trabalho e Emprego, 2019. 8 - Ministério do Trabalho e Emprego. NR 12: Segurança no Trabalho em Máquinas e Equipamentos. Brasília: Ministério do Trabalho e Emprego, 2019.
A48: RESUMO DAS CARGAS:
A50: Descrição | B50: Fator de Potência Atual | C50: Potência Ativa Demandada (kW) | D50: Potência Aparente Demandada (kVA) | E50: Potência Reativa Demandada (kVAr) | F50: Corrente Nominal Demandada (A) | G50: Carregamento do Trafo (%)
A52: TRAFO-001 | B52: ='Lista de Carga'!P130 -> 0.8650532 | C52: - | G52: 1
A53: QGBT-001 | C53: ='Lista de Carga'!S130 -> 852.82242 | D53: ='Lista de Carga'!U130 -> 985.86125 | E53: ='Lista de Carga'!T130 -> 494.58701 | F53: ='Lista de Carga'!V130 -> 1497.8612 | G53: =SUM('Lista de Carga'!Y17:Y129) -> 0.98874214
A54: RESERVA (10%) | C54: ='Lista de Carga'!S131 -> 85.282242 | D54: ='Lista de Carga'!U131 -> 98.586125 | E54: ='Lista de Carga'!T131 -> 49.458701 | F54: ='Lista de Carga'!V131 -> 149.78612 | G54: =G52*0.1 -> 0.1
A55: TOTAL | C55: =C53+C54 -> 938.10467 | D55: =D53+D54 -> 1084.4474 | E55: =E53+E54 -> 544.04571 | F55: =F53+F54 -> 1647.6473 | G55: =G53+G54 -> 1.0887421

Sheet Lista de Cargas
A2: Revisão | B2: Painel | C2: Tag No. | G2: Pavimento | H2: Sistema | I2: Painel de Origem | J2: Descrição / Área | K2: Função | L2: Capacidade | M2: Unidade | N2: Tensão (V) | O2: Potência Nominal do Equipamento (kW) | P2: Potência Nominal Instalada (kW) | Q2: Potência Nominal Aparente (kVA) | R2: Potência Demandada em Operação (kW) | S2: Potência Demandada em Operação (kVA) | T2: Fases | U2: Diversidade | V2: Cos (φ) | W2: Eficiência | X2: Fator de Demanda | Y2: Novo (N) Futuro (F) Existente (E) | Z2: Operação (horas por dia) | AA2: Consumo de Energia (kWh) | AB2: Normal (-) Gerador e NoBreak(GE+NB) | AC2: Corrente (A) | AF2: 440 V | AG2: 380 V | AV2: Electrical Data | BC2: AUTOMATICO | BJ2: MANUAL
C3: Bloco de Produção | D3: Linha de Processo | E3: Tipo de Equip. | F3: Sequencial | AD3: circuito | AE3: Cabo | AH3: 220 V | AI3: 127 V | AJ3: GE 440 V | AK3: GE 380 V | AL3: GE 220 V | AM3: GE 127 V | AN3: NBL 440 V | AO3: NBL 380 V | AP3: NBL 220 V | AQ3: NBL 127 V | AR3: NB 440 V | AS3: NB 380 V | AT3: NB 220 V | AU3: NB 127 V | AV3: Nominal Power (kW) | AW3: Phase | AX3: Voltage (V) | AY3: Concessionária (-) Gerador (GE) No Break (NB) | AZ3: Painel (P) CCM (D) Tomada (T) | BA3: Vel.Variavel (S/N) | BB3: Novo(N) Futuro (F) Existente (E) | BC3: Relé/Inversor | BD3: Vem com controle de partida (S/N) | BE3: Motor (S/N) | BF3: Bomba Porte (S/N) | BG3: FP CALC (A/M) | BH3: Rendimento | BI3: FP | BJ3: FP
A4: 02 | B4: QDNO-397 | C4: - | D4: - | E4: CB | F4: 001 | G4: T | H4: PR | I4: PNBT-02 | J4: Sala de Pesagem - 0165.4.02 | K4: Cabine de Pesagem | L4: - | M4: - | N4: =AX4 -> 440 | O4: 20 | P4: =AV4 -> 20 | Q4: =P4/V4/W4 -> 25 | R4: =P4*U4*X4 -> 14 | S4: =Q4*U4*X4 -> 17.5 | T4: =AW4 -> 3 | U4: 1 | V4: =IF((BE4="N")*AND(BG4="M"),BJ4,BI4) -> 0.8 | W4: =IF(BE4="N",1,BH4/100) -> 1 | X4: 0.7 | Y4: =BB4 -> N | Z4: 24 | AA4: =Z4*R4 -> 336 | AB4: =AY4 -> NB | AC4: =IF((((T4=3))),(Q4*1000)/((SQRT(3)*N4)),(IF(((T4=1)),(Q4*1000)/((N4)),(IF(((T4=2)),(Q4*1000)/((N4)),0))))) -> 32.803993 | AF4: =IF(AND($AX4=440,$AB4="-"),$S4," ") | AG4: =IF(AND($AX4=380,$AB4="-"),$S4," ") | AH4: =IF(AND($AX4=220,$AB4="-"),$S4," ") | AI4: =IF(AND($AX4=127,$AB4="-"),$S4," ") | AJ4: =IF(AND($AX4=440,$AB4="GE"),$S4," ") | AK4: =IF(AND($AX4=380,$AB4="GE"),$S4," ") | AL4: =IF(AND($AX4=220,$AB4="GE"),$S4," ") | AM4: =IF(AND($AX4=127,$AB4="GE"),$S4," ") | AN4: =IF(AND($AX4=440,$AB4="GE+NBL"),$S4," ") | AO4: =IF(AND($AX4=380,$AB4="GE+NBL"),$S4," ") | AP4: =IF(AND($AX4=220,$AB4="GE+NBL"),$S4," ") | AQ4: =IF(AND($AX4=127,$AB4="GE+NBL"),$S4," ") | AR4: =IF(AND($AX4=440,$AB4="GE+NB"),$S4," ") | AS4: =IF(AND($AX4=380,$AB4="GE+NB"),$S4," ") | AT4: =IF(AND($AX4=220,$AB4="GE+NB"),$S4," ") | AU4: =IF(AND($AX4=127,$AB4="GE+NB"),$S4," ") | AV4: 20 | AW4: 3 | AX4: 440 | AY4: NB | AZ4: P | BA4: N | BB4: N | BC4: =IF(((AZ4="P")*AND(BA4="N")*AND(BF4="S")*AND(BE4="S")*AND(BD4="N")*AND(AV4<=3.68)),"RELÉ",(IF(((AZ4="P")*AND(BA4="N")*AND(BE4="S")*AND(BD4="S")),"C-FORNECIDO",(IF(((AZ4="P")*AND(BA4="S")*AND(BD4="S")),"C-FORNECIDO",(IF(((AZ4="D")*AND(BA4="S")*AND(BD4="N")),"I-PROJETAR",(IF(((AZ4="P")*AND(BA4="N")*AND(BE4="S")*AND(AV4>=3.68)*AND(BD4="N")),"I-PROJETAR",(IF(((AZ4="D")*AND(BA4="N")*AND(BE4="S")*AND(AV4<=3.68)*AND(BD4="N")),"DIRETA",(IF(((AZ4="D")*AND(BA4="N")*AND(BE4="S")*AND(AV4>=3.68)*AND(BD4="N")),"I-PROJETAR",IF(((AZ4="T")*AND(BA4="N")),"TOMADA",IF(((AZ4="P")*AND(BA4="N")*AND(BE4="N")),"PAINEL NORMAL",0))))))))))))))) -> PAINEL NORMAL | BD4: N | BE4: N | BF4: N | BG4: M | BH4: =IF(P4<=#REF!,#REF!,IF(P4<=#REF!,#REF!,IF(P4<=#REF!,#REF!,IF(P4<=#REF!,#REF!,IF(P4<=#REF!,#REF!,IF(P4<=#REF!,#REF!,IF(P4<=#REF!,#REF!,IF(P4<=#REF!,#REF!,IF(P4<=#REF!,#REF!,IF(P4<=#REF!,#REF!,IF(P4<=#REF!,#REF!,IF(P4<=#REF!,#REF!,IF(P4<=#REF!,#REF!,IF(P4<=#REF!,#REF!,IF(P4<=#REF!,#REF!,IF(P4<=#REF!,#REF!,IF(P4<=#REF!,#REF!,IF(P4<=#REF!,#REF!,IF(P4<=#REF!,#REF!,IF(P4<=#REF!,#REF!,IF(P4<=#REF!,#REF!,IF(P4<=#REF!,#REF!,IF(P4<=#REF!,#REF!,IF(P4<=#REF!,#REF!,0)))))))))))))))))))))))) -> #REF! | BI4: =IF(P4<=#REF!,#REF!,IF(P4<=#REF!,#REF!,IF(P4<=#REF!,#REF!,IF(P4<=#REF!,#REF!,IF(P4<=#REF!,#REF!,IF(P4<=#REF!,#REF!,IF(P4<=#REF!,#REF!,IF(P4<=#REF!,#REF!,IF(P4<=#REF!,#REF!,IF(P4<=#REF!,#REF!,IF(P4<=#REF!,#REF!,IF(P4<=#REF!,#REF!,IF(P4<=#REF!,#REF!,IF(P4<=#REF!,#REF!,IF(P4<=#REF!,#REF!,IF(P4<=#REF!,#REF!,IF(P4<=#REF!,#REF!,IF(P4<=#REF!,#REF!,IF(P4<=#REF!,#REF!,IF(P4<=#REF!,#REF!,IF(P4<=#REF!,#REF!,IF(P4<=#REF!,#REF!,IF(P4<=#REF!,#REF!,IF(P4<=#REF!,#REF!,0)))))))))))))))))))))))) -> #REF! | BJ4: 0.8
A5: 02 | B5: QDNO-397 | C5: - | D5: - | E5: BB | F5: 001 | G5: T | H5: PR | I5: QD-21012-0001 | J5: Sala de Pesagem - 0165.4.02 | K5: T1 - Balança de Bancada com Terminal de pesagem | L5: 60 | M5: kg | N5: =AX5 -> 220 | O5: 0.01 | P5: =AV5 -> 0.01 | Q5: =P5/V5/W5 -> 0.011764706 | R5: =P5*U5*X5 -> 0.007 | S5: =Q5*U5*X5 -> 0.0082352941 | T5: =AW5 -> 2 | U5: 1 | V5: =IF((BE5="N")*AND(BG5="M"),BJ5,BI5) -> 0.85 | W5: =IF(BE5="N",1,BH5/100) -> 1 | X5: 0.7 | Y5: =BB5 -> N | Z5: 24 | AA5: =Z5*R5 -> 0.168 | AB5: =AY5 -> NB | AC5: =IF((((T5=3))),(Q5*1000)/((SQRT(3)*N5)),(IF(((T5=1)),(Q5*1000)/((N5)),(IF(((T5=2)),(Q5*1000)/((N5)),0))))) -> 0.053475936 | AF5: =IF(AND($AX5=440,$AB5="-"),$S5," ") | AG5: =IF(AND($AX5=380,$AB5="-"),$S5," ") | AH5: =IF(AND($AX5=220,$AB5="-"),$S5," ") | AI5: =IF(AND($AX5=127,$AB5="-"),$S5," ") | AJ5: =IF(AND($AX5=440,$AB5="GE"),$S5," ") | AK5: =IF(AND($AX5=380,$AB5="GE"),$S5," ") | AL5: =IF(AND($AX5=220,$AB5="GE"),$S5," ") | AM5: =IF(AND($AX5=127,$AB5="GE"),$S5," ") | AN5: =IF(AND($AX5=440,$AB5="GE+NBL"),$S5," ") | AO5: =IF(AND($AX5=380,$AB5="GE+NBL"),$S5," ") | AP5: =IF(AND($AX5=220,$AB5="GE+NBL"),$S5," ") | AQ5: =IF(AND($AX5=127,$AB5="GE+NBL"),$S5," ") | AR5: =IF(AND($AX5=440,$AB5="GE+NB"),$S5," ") | AS5: =IF(AND($AX5=380,$AB5="GE+NB"),$S5," ") | AT5: =IF(AND($AX5=220,$AB5="GE+NB"),$S5," ") | AU5: =IF(AND($AX5=127,$AB5="GE+NB"),$S5," ") | AV5: 0.01 | AW5: 2 | AX5: 220 | AY5: NB | AZ5: T | BA5: N | BB5: N | BC5: =IF(((AZ5="P")*AND(BA5="N")*AND(BF5="S")*AND(BE5="S")*AND(BD5="N")*AND(AV5<=3.68)),"RELÉ",(IF(((AZ5="P")*AND(BA5="N")*AND(BE5="S")*AND(BD5="S")),"C-FORNECIDO",(IF(((AZ5="P")*AND(BA5="S")*AND(BD5="S")),"C-FORNECIDO",(IF(((AZ5="D")*AND(BA5="S")*AND(BD5="N")),"I-PROJETAR",(IF(((AZ5="P")*AND(BA5="N")*AND(BE5="S")*AND(AV5>=3.68)*AND(BD5="N")),"I-PROJETAR",(IF(((AZ5="D")*AND(BA5="N")*AND(BE5="S")*AND(AV5<=3.68)*AND(BD5="N")),"DIRETA",(IF(((AZ5="D")*AND(BA5="N")*AND(BE5="S")*AND(AV5>=3.68)*AND(BD5="N")),"I-PROJETAR",IF(((AZ5="T")*AND(BA5="N")),"TOMADA",IF(((AZ5="P")*AND(BA5="N")*AND(BE5="N")),"PAINEL NORMAL",0))))))))))))))) -> TOMADA | BD5: N | BE5: N | BF5: N | BG5: M | BH5: =IF(P5<=#REF!,#REF!,IF(P5<=#REF!,#REF!,IF(P5<=#REF!,#REF!,IF(P5<=#REF!,#REF!,IF(P5<=#REF!,#REF!,IF(P5<=#REF!,#REF!,IF(P5<=#REF!,#REF!,IF(P5<=#REF!,#REF!,IF(P5<=#REF!,#REF!,IF(P5<=#REF!,#REF!,IF(P5<=#REF!,#REF!,IF(P5<=#REF!,#REF!,IF(P5<=#REF!,#REF!,IF(P5<=#REF!,#REF!,IF(P5<=#REF!,#REF!,IF(P5<=#REF!,#REF!,IF(P5<=#REF!,#REF!,IF(P5<=#REF!,#REF!,IF(P5<=#REF!,#REF!,IF(P5<=#REF!,#REF!,IF(P5<=#REF!,#REF!,IF(P5<=#REF!,#REF!,IF(P5<=#REF!,#REF!,IF(P5<=#REF!,#REF!,0)))))))))))))))))))))))) -> #REF! | BI5: =IF(P5<=#REF!,#REF!,IF(P5<=#REF!,#REF!,IF(P5<=#REF!,#REF!,IF(P5<=#REF!,#REF!,IF(P5<=#REF!,#REF!,IF(P5<=#REF!,#REF!,IF(P5<=#REF!,#REF!,IF(P5<=#REF!,#REF!,IF(P5<=#REF!,#REF!,IF(P5<=#REF!,#REF!,IF(P5<=#REF!,#REF!,IF(P5<=#REF!,#REF!,IF(P5<=#REF!,#REF!,IF(P5<=#REF!,#REF!,IF(P5<=#REF!,#REF!,IF(P5<=#REF!,#REF!,IF(P5<=#REF!,#REF!,IF(P5<=#REF!,#REF!,IF(P5<=#REF!,#REF!,IF(P5<=#REF!,#REF!,IF(P5<=#REF!,#REF!,IF(P5<=#REF!,#REF!,IF(P5<=#REF!,#REF!,IF(P5<=#REF!,#REF!,0)))))))))))))))))))))))) -> #REF! | BJ5: 0.85
A6: 02 | B6: QDNO-398 | C6: - | D6: - | E6: BB | F6: 002 | G6: T | H6: PR | I6: QD-21012-0001 | J6: Sala de Pesagem - 0165.4.02 | K6: T2 - Balança de Bancada com Terminal de pesagem | L6: 6 | M6: kg | N6: =AX6 -> 220 | O6: 0.01 | P6: =AV6 -> 0.01 | Q6: =P6/V6/W6 -> 0.011764706 | R6: =P6*U6*X6 -> 0.007 | S6: =Q6*U6*X6 -> 0.0082352941 | T6: =AW6 -> 2 | U6: 1 | V6: =IF((BE6="N")*AND(BG6="M"),BJ6,BI6) -> 0.85 | W6: =IF(BE6="N",1,BH6/100) -> 1 | X6: 0.7 | Y6: =BB6 -> N | Z6: 24 | AA6: =Z6*R6 -> 0.168 | AB6: =AY6 -> NB | AC6: =IF((((T6=3))),(Q6*1000)/((SQRT(3)*N6)),(IF(((T6=1)),(Q6*1000)/((N6)),(IF(((T6=2)),(Q6*1000)/((N6)),0))))) -> 0.053475936 | AF6: =IF(AND($AX6=440,$AB6="-"),$S6," ") | AG6: =IF(AND($AX6=380,$AB6="-"),$S6," ") | AH6: =IF(AND($AX6=220,$AB6="-"),$S6," ") | AI6: =IF(AND($AX6=127,$AB6="-"),$S6," ") | AJ6: =IF(AND($AX6=440,$AB6="GE"),$S6," ") | AK6: =IF(AND($AX6=380,$AB6="GE"),$S6," ") | AL6: =IF(AND($AX6=220,$AB6="GE"),$S6," ") | AM6: =IF(AND($AX6=127,$AB6="GE"),$S6," ") | AN6: =IF(AND($AX6=440,$AB6="GE+NBL"),$S6," ") | AO6: =IF(AND($AX6=380,$AB6="GE+NBL"),$S6," ") | AP6: =IF(AND($AX6=220,$AB6="GE+NBL"),$S6," ") | AQ6: =IF(AND($AX6=127,$AB6="GE+NBL"),$S6," ") | AR6: =IF(AND($AX6=440,$AB6="GE+NB"),$S6," ") | AS6: =IF(AND($AX6=380,$AB6="GE+NB"),$S6," ") | AT6: =IF(AND($AX6=220,$AB6="GE+NB"),$S6," ") | AU6: =IF(AND($AX6=127,$AB6="GE+NB"),$S6," ") | AV6: 0.01 | AW6: 2 | AX6: 220 | AY6: NB | AZ6: T | BA6: N | BB6: N | BC6: =IF(((AZ6="P")*AND(BA6="N")*AND(BF6="S")*AND(BE6="S")*AND(BD6="N")*AND(AV6<=3.68)),"RELÉ",(IF(((AZ6="P")*AND(BA6="N")*AND(BE6="S")*AND(BD6="S")),"C-FORNECIDO",(IF(((AZ6="P")*AND(BA6="S")*AND(BD6="S")),"C-FORNECIDO",(IF(((AZ6="D")*AND(BA6="S")*AND(BD6="N")),"I-PROJETAR",(IF(((AZ6="P")*AND(BA6="N")*AND(BE6="S")*AND(AV6>=3.68)*AND(BD6="N")),"I-PROJETAR",(IF(((AZ6="D")*AND(BA6="N")*AND(BE6="S")*AND(AV6<=3.68)*AND(BD6="N")),"DIRETA",(IF(((AZ6="D")*AND(BA6="N")*AND(BE6="S")*AND(AV6>=3.68)*AND(BD6="N")),"I-PROJETAR",IF(((AZ6="T")*AND(BA6="N")),"TOMADA",IF(((AZ6="P")*AND(BA6="N")*AND(BE6="N")),"PAINEL NORMAL",0))))))))))))))) -> TOMADA | BD6: N | BE6: N | BF6: N | BG6: M | BH6: =IF(P6<=#REF!,#REF!,IF(P6<=#REF!,#REF!,IF(P6<=#REF!,#REF!,IF(P6<=#REF!,#REF!,IF(P6<=#REF!,#REF!,IF(P6<=#REF!,#REF!,IF(P6<=#REF!,#REF!,IF(P6<=#REF!,#REF!,IF(P6<=#REF!,#REF!,IF(P6<=#REF!,#REF!,IF(P6<=#REF!,#REF!,IF(P6<=#REF!,#REF!,IF(P6<=#REF!,#REF!,IF(P6<=#REF!,#REF!,IF(P6<=#REF!,#REF!,IF(P6<=#REF!,#REF!,IF(P6<=#REF!,#REF!,IF(P6<=#REF!,#REF!,IF(P6<=#REF!,#REF!,IF(P6<=#REF!,#REF!,IF(P6<=#REF!,#REF!,IF(P6<=#REF!,#REF!,IF(P6<=#REF!,#REF!,IF(P6<=#REF!,#REF!,0)))))))))))))))))))))))) -> #REF! | BI6: =IF(P6<=#REF!,#REF!,IF(P6<=#REF!,#REF!,IF(P6<=#REF!,#REF!,IF(P6<=#REF!,#REF!,IF(P6<=#REF!,#REF!,IF(P6<=#REF!,#REF!,IF(P6<=#REF!,#REF!,IF(P6<=#REF!,#REF!,IF(P6<=#REF!,#REF!,IF(P6<=#REF!,#REF!,IF(P6<=#REF!,#REF!,IF(P6<=#REF!,#REF!,IF(P6<=#REF!,#REF!,IF(P6<=#REF!,#REF!,IF(P6<=#REF!,#REF!,IF(P6<=#REF!,#REF!,IF(P6<=#REF!,#REF!,IF(P6<=#REF!,#REF!,IF(P6<=#REF!,#REF!,IF(P6<=#REF!,#REF!,IF(P6<=#REF!,#REF!,IF(P6<=#REF!,#REF!,IF(P6<=#REF!,#REF!,IF(P6<=#REF!,#REF!,0)))))))))))))))))))))))) -> #REF! | BJ6: 0.85
A7: 02 | B7: QDNO-399 | C7: - | D7: - | E7: IPS | F7: 001 | G7: T | H7: PR | I7: QD-21012-0001 | J7: Sala de Pesagem - 0165.4.02 | K7: T3 - Impressora de Etiquetas 01 | L7: - | M7: - | N7: =AX7 -> 220 | O7: 0.01 | P7: =AV7 -> 0.01 | Q7: =P7/V7/W7 -> 0.011764706 | R7: =P7*U7*X7 -> 0.007 | S7: =Q7*U7*X7 -> 0.0082352941 | T7: =AW7 -> 2 | U7: 1 | V7: =IF((BE7="N")*AND(BG7="M"),BJ7,BI7) -> 0.85 | W7: =IF(BE7="N",1,BH7/100) -> 1 | X7: 0.7 | Y7: =BB7 -> N | Z7: 24 | AA7: =Z7*R7 -> 0.168 | AB7: =AY7 -> NB | AC7: =IF((((T7=3))),(Q7*1000)/((SQRT(3)*N7)),(IF(((T7=1)),(Q7*1000)/((N7)),(IF(((T7=2)),(Q7*1000)/((N7)),0))))) -> 0.053475936 | AF7: =IF(AND($AX7=440,$AB7="-"),$S7," ") | AG7: =IF(AND($AX7=380,$AB7="-"),$S7," ") | AH7: =IF(AND($AX7=220,$AB7="-"),$S7," ") | AI7: =IF(AND($AX7=127,$AB7="-"),$S7," ") | AJ7: =IF(AND($AX7=440,$AB7="GE"),$S7," ") | AK7: =IF(AND($AX7=380,$AB7="GE"),$S7," ") | AL7: =IF(AND($AX7=220,$AB7="GE"),$S7," ") | AM7: =IF(AND($AX7=127,$AB7="GE"),$S7," ") | AN7: =IF(AND($AX7=440,$AB7="GE+NBL"),$S7," ") | AO7: =IF(AND($AX7=380,$AB7="GE+NBL"),$S7," ") | AP7: =IF(AND($AX7=220,$AB7="GE+NBL"),$S7," ") | AQ7: =IF(AND($AX7=127,$AB7="GE+NBL"),$S7," ") | AR7: =IF(AND($AX7=440,$AB7="GE+NB"),$S7," ") | AS7: =IF(AND($AX7=380,$AB7="GE+NB"),$S7," ") | AT7: =IF(AND($AX7=220,$AB7="GE+NB"),$S7," ") | AU7: =IF(AND($AX7=127,$AB7="GE+NB"),$S7," ") | AV7: 0.01 | AW7: 2 | AX7: 220 | AY7: NB | AZ7: T | BA7: N | BB7: N | BC7: =IF(((AZ7="P")*AND(BA7="N")*AND(BF7="S")*AND(BE7="S")*AND(BD7="N")*AND(AV7<=3.68)),"RELÉ",(IF(((AZ7="P")*AND(BA7="N")*AND(BE7="S")*AND(BD7="S")),"C-FORNECIDO",(IF(((AZ7="P")*AND(BA7="S")*AND(BD7="S")),"C-FORNECIDO",(IF(((AZ7="D")*AND(BA7="S")*AND(BD7="N")),"I-PROJETAR",(IF(((AZ7="P")*AND(BA7="N")*AND(BE7="S")*AND(AV7>=3.68)*AND(BD7="N")),"I-PROJETAR",(IF(((AZ7="D")*AND(BA7="N")*AND(BE7="S")*AND(AV7<=3.68)*AND(BD7="N")),"DIRETA",(IF(((AZ7="D")*AND(BA7="N")*AND(BE7="S")*AND(AV7>=3.68)*AND(BD7="N")),"I-PROJETAR",IF(((AZ7="T")*AND(BA7="N")),"TOMADA",IF(((AZ7="P")*AND(BA7="N")*AND(BE7="N")),"PAINEL NORMAL",0))))))))))))))) -> TOMADA | BD7: N | BE7: N | BF7: N | BG7: M | BH7: =IF(P7<=#REF!,#REF!,IF(P7<=#REF!,#REF!,IF(P7<=#REF!,#REF!,IF(P7<=#REF!,#REF!,IF(P7<=#REF!,#REF!,IF(P7<=#REF!,#REF!,IF(P7<=#REF!,#REF!,IF(P7<=#REF!,#REF!,IF(P7<=#REF!,#REF!,IF(P7<=#REF!,#REF!,IF(P7<=#REF!,#REF!,IF(P7<=#REF!,#REF!,IF(P7<=#REF!,#REF!,IF(P7<=#REF!,#REF!,IF(P7<=#REF!,#REF!,IF(P7<=#REF!,#REF!,IF(P7<=#REF!,#REF!,IF(P7<=#REF!,#REF!,IF(P7<=#REF!,#REF!,IF(P7<=#REF!,#REF!,IF(P7<=#REF!,#REF!,IF(P7<=#REF!,#REF!,IF(P7<=#REF!,#REF!,IF(P7<=#REF!,#REF!,0)))))))))))))))))))))))) -> #REF! | BI7: =IF(P7<=#REF!,#REF!,IF(P7<=#REF!,#REF!,IF(P7<=#REF!,#REF!,IF(P7<=#REF!,#REF!,IF(P7<=#REF!,#REF!,IF(P7<=#REF!,#REF!,IF(P7<=#REF!,#REF!,IF(P7<=#REF!,#REF!,IF(P7<=#REF!,#REF!,IF(P7<=#REF!,#REF!,IF(P7<=#REF!,#REF!,IF(P7<=#REF!,#REF!,IF(P7<=#REF!,#REF!,IF(P7<=#REF!,#REF!,IF(P7<=#REF!,#REF!,IF(P7<=#REF!,#REF!,IF(P7<=#REF!,#REF!,IF(P7<=#REF!,#REF!,IF(P7<=#REF!,#REF!,IF(P7<=#REF!,#REF!,IF(P7<=#REF!,#REF!,IF(P7<=#REF!,#REF!,IF(P7<=#REF!,#REF!,IF(P7<=#REF!,#REF!,0)))))))))))))))))))))))) -> #REF! | BJ7: 0.85
A8: 02 | B8: QDNO-400 | C8: - | D8: - | E8: IPS | F8: 002 | G8: T | H8: PR | I8: QD-21012-0001 | J8: Sala de Pesagem - 0165.4.02 | K8: T4 - Impressora de Etiquetas 02 | L8: - | M8: - | N8: =AX8 -> 220 | O8: 0.01 | P8: =AV8 -> 0.01 | Q8: =P8/V8/W8 -> 0.011764706 | R8: =P8*U8*X8 -> 0.007 | S8: =Q8*U8*X8 -> 0.0082352941 | T8: =AW8 -> 2 | U8: 1 | V8: =IF((BE8="N")*AND(BG8="M"),BJ8,BI8) -> 0.85 | W8: =IF(BE8="N",1,BH8/100) -> 1 | X8: 0.7 | Y8: =BB8 -> N | Z8: 24 | AA8: =Z8*R8 -> 0.168 | AB8: =AY8 -> NB | AC8: =IF((((T8=3))),(Q8*1000)/((SQRT(3)*N8)),(IF(((T8=1)),(Q8*1000)/((N8)),(IF(((T8=2)),(Q8*1000)/((N8)),0))))) -> 0.053475936 | AF8: =IF(AND($AX8=440,$AB8="-"),$S8," ") | AG8: =IF(AND($AX8=380,$AB8="-"),$S8," ") | AH8: =IF(AND($AX8=220,$AB8="-"),$S8," ") | AI8: =IF(AND($AX8=127,$AB8="-"),$S8," ") | AJ8: =IF(AND($AX8=440,$AB8="GE"),$S8," ") | AK8: =IF(AND($AX8=380,$AB8="GE"),$S8," ") | AL8: =IF(AND($AX8=220,$AB8="GE"),$S8," ") | AM8: =IF(AND($AX8=127,$AB8="GE"),$S8," ") | AN8: =IF(AND($AX8=440,$AB8="GE+NBL"),$S8," ") | AO8: =IF(AND($AX8=380,$AB8="GE+NBL"),$S8," ") | AP8: =IF(AND($AX8=220,$AB8="GE+NBL"),$S8," ") | AQ8: =IF(AND($AX8=127,$AB8="GE+NBL"),$S8," ") | AR8: =IF(AND($AX8=440,$AB8="GE+NB"),$S8," ") | AS8: =IF(AND($AX8=380,$AB8="GE+NB"),$S8," ") | AT8: =IF(AND($AX8=220,$AB8="GE+NB"),$S8," ") | AU8: =IF(AND($AX8=127,$AB8="GE+NB"),$S8," ") | AV8: 0.01 | AW8: 2 | AX8: 220 | AY8: NB | AZ8: T | BA8: N | BB8: N | BC8: =IF(((AZ8="P")*AND(BA8="N")*AND(BF8="S")*AND(BE8="S")*AND(BD8="N")*AND(AV8<=3.68)),"RELÉ",(IF(((AZ8="P")*AND(BA8="N")*AND(BE8="S")*AND(BD8="S")),"C-FORNECIDO",(IF(((AZ8="P")*AND(BA8="S")*AND(BD8="S")),"C-FORNECIDO",(IF(((AZ8="D")*AND(BA8="S")*AND(BD8="N")),"I-PROJETAR",(IF(((AZ8="P")*AND(BA8="N")*AND(BE8="S")*AND(AV8>=3.68)*AND(BD8="N")),"I-PROJETAR",(IF(((AZ8="D")*AND(BA8="N")*AND(BE8="S")*AND(AV8<=3.68)*AND(BD8="N")),"DIRETA",(IF(((AZ8="D")*AND(BA8="N")*AND(BE8="S")*AND(AV8>=3.68)*AND(BD8="N")),"I-PROJETAR",IF(((AZ8="T")*AND(BA8="N")),"TOMADA",IF(((AZ8="P")*AND(BA8="N")*AND(BE8="N")),"PAINEL NORMAL",0))))))))))))))) -> TOMADA | BD8: N | BE8: N | BF8: N | BG8: M | BH8: =IF(P8<=#REF!,#REF!,IF(P8<=#REF!,#REF!,IF(P8<=#REF!,#REF!,IF(P8<=#REF!,#REF!,IF(P8<=#REF!,#REF!,IF(P8<=#REF!,#REF!,IF(P8<=#REF!,#REF!,IF(P8<=#REF!,#REF!,IF(P8<=#REF!,#REF!,IF(P8<=#REF!,#REF!,IF(P8<=#REF!,#REF!,IF(P8<=#REF!,#REF!,IF(P8<=#REF!,#REF!,IF(P8<=#REF!,#REF!,IF(P8<=#REF!,#REF!,IF(P8<=#REF!,#REF!,IF(P8<=#REF!,#REF!,IF(P8<=#REF!,#REF!,IF(P8<=#REF!,#REF!,IF(P8<=#REF!,#REF!,IF(P8<=#REF!,#REF!,IF(P8<=#REF!,#REF!,IF(P8<=#REF!,#REF!,IF(P8<=#REF!,#REF!,0)))))))))))))))))))))))) -> #REF! | BI8: =IF(P8<=#REF!,#REF!,IF(P8<=#REF!,#REF!,IF(P8<=#REF!,#REF!,IF(P8<=#REF!,#REF!,IF(P8<=#REF!,#REF!,IF(P8<=#REF!,#REF!,IF(P8<=#REF!,#REF!,IF(P8<=#REF!,#REF!,IF(P8<=#REF!,#REF!,IF(P8<=#REF!,#REF!,IF(P8<=#REF!,#REF!,IF(P8<=#REF!,#REF!,IF(P8<=#REF!,#REF!,IF(P8<=#REF!,#REF!,IF(P8<=#REF!,#REF!,IF(P8<=#REF!,#REF!,IF(P8<=#REF!,#REF!,IF(P8<=#REF!,#REF!,IF(P8<=#REF!,#REF!,IF(P8<=#REF!,#REF!,IF(P8<=#REF!,#REF!,IF(P8<=#REF!,#REF!,IF(P8<=#REF!,#REF!,IF(P8<=#REF!,#REF!,0)))))))))))))))))))))))) -> #REF! | BJ8: 0.85
A9: 02 | C9: - | D9: - | E9: PAS | F9: 001 | G9: T | H9: PR | I9: QD-21012-0001 | J9: Sala de Entrada de Materiais - 0165.4.01 | K9: Pass Through Porta Guilhotina | N9: 220 | O9: 0.3 | P9: =AV9 -> 0.3 | Q9: =P9/V9/W9 -> 0.35294118 | R9: =P9*U9*X9 -> 0.21 | S9: =Q9*U9*X9 -> 0.24705882 | T9: =AW9 -> 2 | U9: 1 | V9: =IF((BE9="N")*AND(BG9="M"),BJ9,BI9) -> 0.85 | W9: =IF(BE9="N",1,BH9/100) -> 1 | X9: 0.7 | Y9: =BB9 -> N | Z9: 24 | AA9: =Z9*R9 -> 5.04 | AB9: =AY9 -> NB | AC9: =IF((((T9=3))),(Q9*1000)/((SQRT(3)*N9)),(IF(((T9=1)),(Q9*1000)/((N9)),(IF(((T9=2)),(Q9*1000)/((N9)),0))))) -> 1.6042781 | AF9: =IF(AND($AX9=440,$AB9="-"),$S9," ") | AG9: =IF(AND($AX9=380,$AB9="-"),$S9," ") | AH9: =IF(AND($AX9=220,$AB9="-"),$S9," ") | AI9: =IF(AND($AX9=127,$AB9="-"),$S9," ") | AJ9: =IF(AND($AX9=440,$AB9="GE"),$S9," ") | AK9: =IF(AND($AX9=380,$AB9="GE"),$S9," ") | AL9: =IF(AND($AX9=220,$AB9="GE"),$S9," ") | AM9: =IF(AND($AX9=127,$AB9="GE"),$S9," ") | AN9: =IF(AND($AX9=440,$AB9="GE+NBL"),$S9," ") | AO9: =IF(AND($AX9=380,$AB9="GE+NBL"),$S9," ") | AP9: =IF(AND($AX9=220,$AB9="GE+NBL"),$S9," ") | AQ9: =IF(AND($AX9=127,$AB9="GE+NBL"),$S9," ") | AR9: =IF(AND($AX9=440,$AB9="GE+NB"),$S9," ") | AS9: =IF(AND($AX9=380,$AB9="GE+NB"),$S9," ") | AT9: =IF(AND($AX9=220,$AB9="GE+NB"),$S9," ") | AU9: =IF(AND($AX9=127,$AB9="GE+NB"),$S9," ") | AV9: =O9 -> 0.3 | AW9: 2 | AX9: 220 | AY9: NB | AZ9: T | BA9: N | BB9: N | BC9: =IF(((AZ9="P")*AND(BA9="N")*AND(BF9="S")*AND(BE9="S")*AND(BD9="N")*AND(AV9<=3.68)),"RELÉ",(IF(((AZ9="P")*AND(BA9="N")*AND(BE9="S")*AND(BD9="S")),"C-FORNECIDO",(IF(((AZ9="P")*AND(BA9="S")*AND(BD9="S")),"C-FORNECIDO",(IF(((AZ9="D")*AND(BA9="S")*AND(BD9="N")),"I-PROJETAR",(IF(((AZ9="P")*AND(BA9="N")*AND(BE9="S")*AND(AV9>=3.68)*AND(BD9="N")),"I-PROJETAR",(IF(((AZ9="D")*AND(BA9="N")*AND(BE9="S")*AND(AV9<=3.68)*AND(BD9="N")),"DIRETA",(IF(((AZ9="D")*AND(BA9="N")*AND(BE9="S")*AND(AV9>=3.68)*AND(BD9="N")),"I-PROJETAR",IF(((AZ9="T")*AND(BA9="N")),"TOMADA",IF(((AZ9="P")*AND(BA9="N")*AND(BE9="N")),"PAINEL NORMAL",0))))))))))))))) -> TOMADA | BD9: N | BE9: N | BF9: N | BG9: M | BH9: =IF(P9<=#REF!,#REF!,IF(P9<=#REF!,#REF!,IF(P9<=#REF!,#REF!,IF(P9<=#REF!,#REF!,IF(P9<=#REF!,#REF!,IF(P9<=#REF!,#REF!,IF(P9<=#REF!,#REF!,IF(P9<=#REF!,#REF!,IF(P9<=#REF!,#REF!,IF(P9<=#REF!,#REF!,IF(P9<=#REF!,#REF!,IF(P9<=#REF!,#REF!,IF(P9<=#REF!,#REF!,IF(P9<=#REF!,#REF!,IF(P9<=#REF!,#REF!,IF(P9<=#REF!,#REF!,IF(P9<=#REF!,#REF!,IF(P9<=#REF!,#REF!,IF(P9<=#REF!,#REF!,IF(P9<=#REF!,#REF!,IF(P9<=#REF!,#REF!,IF(P9<=#REF!,#REF!,IF(P9<=#REF!,#REF!,IF(P9<=#REF!,#REF!,0)))))))))))))))))))))))) -> #REF! | BI9: =IF(P9<=#REF!,#REF!,IF(P9<=#REF!,#REF!,IF(P9<=#REF!,#REF!,IF(P9<=#REF!,#REF!,IF(P9<=#REF!,#REF!,IF(P9<=#REF!,#REF!,IF(P9<=#REF!,#REF!,IF(P9<=#REF!,#REF!,IF(P9<=#REF!,#REF!,IF(P9<=#REF!,#REF!,IF(P9<=#REF!,#REF!,IF(P9<=#REF!,#REF!,IF(P9<=#REF!,#REF!,IF(P9<=#REF!,#REF!,IF(P9<=#REF!,#REF!,IF(P9<=#REF!,#REF!,IF(P9<=#REF!,#REF!,IF(P9<=#REF!,#REF!,IF(P9<=#REF!,#REF!,IF(P9<=#REF!,#REF!,IF(P9<=#REF!,#REF!,IF(P9<=#REF!,#REF!,IF(P9<=#REF!,#REF!,IF(P9<=#REF!,#REF!,0)))))))))))))))))))))))) -> #REF! | BJ9: 0.85
A10: 02 | B10: QDNO-400 | C10: - | D10: - | E10: T1 | F10: 05 | G10: T | H10: PR | I10: QD-21012-0001 | J10: Sala de Pesagem - 0165.4.02 | K10: T5 - Disponível | L10: - | M10: - | N10: =AX10 -> 220 | O10: 1.87 | P10: =AV10 -> 1.87 | Q10: =P10/V10/W10 -> 2.2 | R10: =P10*U10*X10 -> 1.309 | S10: =Q10*U10*X10 -> 1.54 | T10: =AW10 -> 2 | U10: 1 | V10: =IF((BE10="N")*AND(BG10="M"),BJ10,BI10) -> 0.85 | W10: =IF(BE10="N",1,BH10/100) -> 1 | X10: 0.7 | Y10: =BB10 -> N | Z10: 24 | AA10: =Z10*R10 -> 31.416 | AB10: =AY10 -> NB | AC10: =IF((((T10=3))),(Q10*1000)/((SQRT(3)*N10)),(IF(((T10=1)),(Q10*1000)/((N10)),(IF(((T10=2)),(Q10*1000)/((N10)),0))))) -> 10 | AV10: 1.87 | AW10: 2 | AX10: 220 | AY10: NB | AZ10: T | BA10: N | BB10: N | BC10: =IF(((AZ10="P")*AND(BA10="N")*AND(BF10="S")*AND(BE10="S")*AND(BD10="N")*AND(AV10<=3.68)),"RELÉ",(IF(((AZ10="P")*AND(BA10="N")*AND(BE10="S")*AND(BD10="S")),"C-FORNECIDO",(IF(((AZ10="P")*AND(BA10="S")*AND(BD10="S")),"C-FORNECIDO",(IF(((AZ10="D")*AND(BA10="S")*AND(BD10="N")),"I-PROJETAR",(IF(((AZ10="P")*AND(BA10="N")*AND(BE10="S")*AND(AV10>=3.68)*AND(BD10="N")),"I-PROJETAR",(IF(((AZ10="D")*AND(BA10="N")*AND(BE10="S")*AND(AV10<=3.68)*AND(BD10="N")),"DIRETA",(IF(((AZ10="D")*AND(BA10="N")*AND(BE10="S")*AND(AV10>=3.68)*AND(BD10="N")),"I-PROJETAR",IF(((AZ10="T")*AND(BA10="N")),"TOMADA",IF(((AZ10="P")*AND(BA10="N")*AND(BE10="N")),"PAINEL NORMAL",0))))))))))))))) -> TOMADA | BD10: N | BE10: N | BF10: N | BG10: M | BH10: =IF(P10<=#REF!,#REF!,IF(P10<=#REF!,#REF!,IF(P10<=#REF!,#REF!,IF(P10<=#REF!,#REF!,IF(P10<=#REF!,#REF!,IF(P10<=#REF!,#REF!,IF(P10<=#REF!,#REF!,IF(P10<=#REF!,#REF!,IF(P10<=#REF!,#REF!,IF(P10<=#REF!,#REF!,IF(P10<=#REF!,#REF!,IF(P10<=#REF!,#REF!,IF(P10<=#REF!,#REF!,IF(P10<=#REF!,#REF!,IF(P10<=#REF!,#REF!,IF(P10<=#REF!,#REF!,IF(P10<=#REF!,#REF!,IF(P10<=#REF!,#REF!,IF(P10<=#REF!,#REF!,IF(P10<=#REF!,#REF!,IF(P10<=#REF!,#REF!,IF(P10<=#REF!,#REF!,IF(P10<=#REF!,#REF!,IF(P10<=#REF!,#REF!,0)))))))))))))))))))))))) -> #REF! | BI10: =IF(P10<=#REF!,#REF!,IF(P10<=#REF!,#REF!,IF(P10<=#REF!,#REF!,IF(P10<=#REF!,#REF!,IF(P10<=#REF!,#REF!,IF(P10<=#REF!,#REF!,IF(P10<=#REF!,#REF!,IF(P10<=#REF!,#REF!,IF(P10<=#REF!,#REF!,IF(P10<=#REF!,#REF!,IF(P10<=#REF!,#REF!,IF(P10<=#REF!,#REF!,IF(P10<=#REF!,#REF!,IF(P10<=#REF!,#REF!,IF(P10<=#REF!,#REF!,IF(P10<=#REF!,#REF!,IF(P10<=#REF!,#REF!,IF(P10<=#REF!,#REF!,IF(P10<=#REF!,#REF!,IF(P10<=#REF!,#REF!,IF(P10<=#REF!,#REF!,IF(P10<=#REF!,#REF!,IF(P10<=#REF!,#REF!,IF(P10<=#REF!,#REF!,0)))))))))))))))))))))))) -> #REF! | BJ10: 0.85
A11: 02 | B11: QDNO-400 | C11: - | D11: - | E11: T1 | F11: 06 | G11: T | H11: PR | I11: QD-21012-0001 | J11: Sala de Pesagem - 0165.4.02 | K11: T6 - Disponível | L11: - | M11: - | N11: =AX11 -> 220 | O11: 1.87 | P11: =AV11 -> 1.87 | Q11: =P11/V11/W11 -> 2.2 | R11: =P11*U11*X11 -> 1.309 | S11: =Q11*U11*X11 -> 1.54 | T11: =AW11 -> 2 | U11: 1 | V11: =IF((BE11="N")*AND(BG11="M"),BJ11,BI11) -> 0.85 | W11: =IF(BE11="N",1,BH11/100) -> 1 | X11: 0.7 | Y11: =BB11 -> N | Z11: 24 | AA11: =Z11*R11 -> 31.416 | AB11: =AY11 -> NB | AC11: =IF((((T11=3))),(Q11*1000)/((SQRT(3)*N11)),(IF(((T11=1)),(Q11*1000)/((N11)),(IF(((T11=2)),(Q11*1000)/((N11)),0))))) -> 10 | AV11: 1.87 | AW11: 2 | AX11: 220 | AY11: NB | AZ11: T | BA11: N | BB11: N | BC11: =IF(((AZ11="P")*AND(BA11="N")*AND(BF11="S")*AND(BE11="S")*AND(BD11="N")*AND(AV11<=3.68)),"RELÉ",(IF(((AZ11="P")*AND(BA11="N")*AND(BE11="S")*AND(BD11="S")),"C-FORNECIDO",(IF(((AZ11="P")*AND(BA11="S")*AND(BD11="S")),"C-FORNECIDO",(IF(((AZ11="D")*AND(BA11="S")*AND(BD11="N")),"I-PROJETAR",(IF(((AZ11="P")*AND(BA11="N")*AND(BE11="S")*AND(AV11>=3.68)*AND(BD11="N")),"I-PROJETAR",(IF(((AZ11="D")*AND(BA11="N")*AND(BE11="S")*AND(AV11<=3.68)*AND(BD11="N")),"DIRETA",(IF(((AZ11="D")*AND(BA11="N")*AND(BE11="S")*AND(AV11>=3.68)*AND(BD11="N")),"I-PROJETAR",IF(((AZ11="T")*AND(BA11="N")),"TOMADA",IF(((AZ11="P")*AND(BA11="N")*AND(BE11="N")),"PAINEL NORMAL",0))))))))))))))) -> TOMADA | BD11: N | BE11: N | BF11: N | BG11: M | BH11: =IF(P11<=#REF!,#REF!,IF(P11<=#REF!,#REF!,IF(P11<=#REF!,#REF!,IF(P11<=#REF!,#REF!,IF(P11<=#REF!,#REF!,IF(P11<=#REF!,#REF!,IF(P11<=#REF!,#REF!,IF(P11<=#REF!,#REF!,IF(P11<=#REF!,#REF!,IF(P11<=#REF!,#REF!,IF(P11<=#REF!,#REF!,IF(P11<=#REF!,#REF!,IF(P11<=#REF!,#REF!,IF(P11<=#REF!,#REF!,IF(P11<=#REF!,#REF!,IF(P11<=#REF!,#REF!,IF(P11<=#REF!,#REF!,IF(P11<=#REF!,#REF!,IF(P11<=#REF!,#REF!,IF(P11<=#REF!,#REF!,IF(P11<=#REF!,#REF!,IF(P11<=#REF!,#REF!,IF(P11<=#REF!,#REF!,IF(P11<=#REF!,#REF!,0)))))))))))))))))))))))) -> #REF! | BI11: =IF(P11<=#REF!,#REF!,IF(P11<=#REF!,#REF!,IF(P11<=#REF!,#REF!,IF(P11<=#REF!,#REF!,IF(P11<=#REF!,#REF!,IF(P11<=#REF!,#REF!,IF(P11<=#REF!,#REF!,IF(P11<=#REF!,#REF!,IF(P11<=#REF!,#REF!,IF(P11<=#REF!,#REF!,IF(P11<=#REF!,#REF!,IF(P11<=#REF!,#REF!,IF(P11<=#REF!,#REF!,IF(P11<=#REF!,#REF!,IF(P11<=#REF!,#REF!,IF(P11<=#REF!,#REF!,IF(P11<=#REF!,#REF!,IF(P11<=#REF!,#REF!,IF(P11<=#REF!,#REF!,IF(P11<=#REF!,#REF!,IF(P11<=#REF!,#REF!,IF(P11<=#REF!,#REF!,IF(P11<=#REF!,#REF!,IF(P11<=#REF!,#REF!,0)))))))))))))))))))))))) -> #REF! | BJ11: 0.85
A12: 02 | B12: QDNO-400 | C12: - | D12: PRI | E12: 150 | F12: 01 | G12: T | H12: AR | I12: QD-21012-0001 | J12: Antecâmara de Materiais - 0165.4.05 | K12: Porta Rápida Interna com Visor - Folha Simples de Enrolar (150x210cm) | N12: =AX12 -> 220 | O12: 1.5 | P12: =AV12 -> 1.5 | Q12: =P12/V12/W12 -> #REF! | R12: =P12*U12*X12 -> 1.05 | S12: =Q12*U12*X12 -> #REF! | T12: =AW12 -> 2 | U12: 1 | V12: =IF((BE12="N")*AND(BG12="M"),BJ12,BI12) -> #REF! | W12: =IF(BE12="N",1,BH12/100) -> #REF! | X12: 0.7 | Y12: =BB12 -> N | Z12: 24 | AA12: =Z12*R12 -> 25.2 | AB12: =AY12 -> NB | AC12: =IF((((T12=3))),(Q12*1000)/((SQRT(3)*N12)),(IF(((T12=1)),(Q12*1000)/((N12)),(IF(((T12=2)),(Q12*1000)/((N12)),0))))) -> #REF! | AV12: 1.5 | AW12: 2 | AX12: 220 | AY12: NB | AZ12: P | BA12: N | BB12: N | BC12: PAINEL NORMAL | BD12: N | BE12: S | BF12: N | BG12: A | BH12: =IF(P12<=#REF!,#REF!,IF(P12<=#REF!,#REF!,IF(P12<=#REF!,#REF!,IF(P12<=#REF!,#REF!,IF(P12<=#REF!,#REF!,IF(P12<=#REF!,#REF!,IF(P12<=#REF!,#REF!,IF(P12<=#REF!,#REF!,IF(P12<=#REF!,#REF!,IF(P12<=#REF!,#REF!,IF(P12<=#REF!,#REF!,IF(P12<=#REF!,#REF!,IF(P12<=#REF!,#REF!,IF(P12<=#REF!,#REF!,IF(P12<=#REF!,#REF!,IF(P12<=#REF!,#REF!,IF(P12<=#REF!,#REF!,IF(P12<=#REF!,#REF!,IF(P12<=#REF!,#REF!,IF(P12<=#REF!,#REF!,IF(P12<=#REF!,#REF!,IF(P12<=#REF!,#REF!,IF(P12<=#REF!,#REF!,IF(P12<=#REF!,#REF!,0)))))))))))))))))))))))) -> #REF! | BI12: =IF(P12<=#REF!,#REF!,IF(P12<=#REF!,#REF!,IF(P12<=#REF!,#REF!,IF(P12<=#REF!,#REF!,IF(P12<=#REF!,#REF!,IF(P12<=#REF!,#REF!,IF(P12<=#REF!,#REF!,IF(P12<=#REF!,#REF!,IF(P12<=#REF!,#REF!,IF(P12<=#REF!,#REF!,IF(P12<=#REF!,#REF!,IF(P12<=#REF!,#REF!,IF(P12<=#REF!,#REF!,IF(P12<=#REF!,#REF!,IF(P12<=#REF!,#REF!,IF(P12<=#REF!,#REF!,IF(P12<=#REF!,#REF!,IF(P12<=#REF!,#REF!,IF(P12<=#REF!,#REF!,IF(P12<=#REF!,#REF!,IF(P12<=#REF!,#REF!,IF(P12<=#REF!,#REF!,IF(P12<=#REF!,#REF!,IF(P12<=#REF!,#REF!,0)))))))))))))))))))))))) -> #REF! | BJ12: 0.85
A13: 02 | B13: QDNO-400 | C13: - | D13: PRI | E13: 150 | F13: 02 | G13: T | H13: AR | I13: QD-21012-0001 | J13: Antecâmara de Materiais - 0165.4.05 | K13: Porta Rápida Interna com Visor - Folha Simples de Enrolar (150x210cm) | N13: =AX13 -> 220 | O13: 1.5 | P13: =AV13 -> 1.5 | Q13: =P13/V13/W13 -> #REF! | R13: =P13*U13*X13 -> 1.05 | S13: =Q13*U13*X13 -> #REF! | T13: =AW13 -> 2 | U13: 1 | V13: =IF((BE13="N")*AND(BG13="M"),BJ13,BI13) -> #REF! | W13: =IF(BE13="N",1,BH13/100) -> #REF! | X13: 0.7 | Y13: =BB13 -> N | Z13: 24 | AA13: =Z13*R13 -> 25.2 | AB13: =AY13 -> NB | AC13: =IF((((T13=3))),(Q13*1000)/((SQRT(3)*N13)),(IF(((T13=1)),(Q13*1000)/((N13)),(IF(((T13=2)),(Q13*1000)/((N13)),0))))) -> #REF! | AV13: 1.5 | AW13: 2 | AX13: 220 | AY13: NB | AZ13: P | BA13: N | BB13: N | BC13: PAINEL NORMAL | BD13: N | BE13: S | BF13: N | BG13: A | BH13: =IF(P13<=#REF!,#REF!,IF(P13<=#REF!,#REF!,IF(P13<=#REF!,#REF!,IF(P13<=#REF!,#REF!,IF(P13<=#REF!,#REF!,IF(P13<=#REF!,#REF!,IF(P13<=#REF!,#REF!,IF(P13<=#REF!,#REF!,IF(P13<=#REF!,#REF!,IF(P13<=#REF!,#REF!,IF(P13<=#REF!,#REF!,IF(P13<=#REF!,#REF!,IF(P13<=#REF!,#REF!,IF(P13<=#REF!,#REF!,IF(P13<=#REF!,#REF!,IF(P13<=#REF!,#REF!,IF(P13<=#REF!,#REF!,IF(P13<=#REF!,#REF!,IF(P13<=#REF!,#REF!,IF(P13<=#REF!,#REF!,IF(P13<=#REF!,#REF!,IF(P13<=#REF!,#REF!,IF(P13<=#REF!,#REF!,IF(P13<=#REF!,#REF!,0)))))))))))))))))))))))) -> #REF! | BI13: =IF(P13<=#REF!,#REF!,IF(P13<=#REF!,#REF!,IF(P13<=#REF!,#REF!,IF(P13<=#REF!,#REF!,IF(P13<=#REF!,#REF!,IF(P13<=#REF!,#REF!,IF(P13<=#REF!,#REF!,IF(P13<=#REF!,#REF!,IF(P13<=#REF!,#REF!,IF(P13<=#REF!,#REF!,IF(P13<=#REF!,#REF!,IF(P13<=#REF!,#REF!,IF(P13<=#REF!,#REF!,IF(P13<=#REF!,#REF!,IF(P13<=#REF!,#REF!,IF(P13<=#REF!,#REF!,IF(P13<=#REF!,#REF!,IF(P13<=#REF!,#REF!,IF(P13<=#REF!,#REF!,IF(P13<=#REF!,#REF!,IF(P13<=#REF!,#REF!,IF(P13<=#REF!,#REF!,IF(P13<=#REF!,#REF!,IF(P13<=#REF!,#REF!,0)))))))))))))))))))))))) -> #REF! | BJ13: 0.85
A14: 02 | B14: QDNO-400 | C14: - | D14: PRI | E14: 150 | F14: 03 | G14: T | H14: AR | I14: QD-21012-0001 | J14: Antecâmara de Materiais - 0165.4.06 | K14: Porta Rápida Interna com Visor - Folha Simples de Enrolar (150x210cm) | N14: =AX14 -> 220 | O14: 1.5 | P14: =AV14 -> 1.5 | Q14: =P14/V14/W14 -> #REF! | R14: =P14*U14*X14 -> 1.05 | S14: =Q14*U14*X14 -> #REF! | T14: =AW14 -> 2 | U14: 1 | V14: =IF((BE14="N")*AND(BG14="M"),BJ14,BI14) -> #REF! | W14: =IF(BE14="N",1,BH14/100) -> #REF! | X14: 0.7 | Y14: =BB14 -> N | Z14: 24 | AA14: =Z14*R14 -> 25.2 | AB14: =AY14 -> NB | AC14: =IF((((T14=3))),(Q14*1000)/((SQRT(3)*N14)),(IF(((T14=1)),(Q14*1000)/((N14)),(IF(((T14=2)),(Q14*1000)/((N14)),0))))) -> #REF! | AV14: 1.5 | AW14: 2 | AX14: 220 | AY14: NB | AZ14: P | BA14: N | BB14: N | BC14: PAINEL NORMAL | BD14: N | BE14: S | BF14: N | BG14: A | BH14: =IF(P14<=#REF!,#REF!,IF(P14<=#REF!,#REF!,IF(P14<=#REF!,#REF!,IF(P14<=#REF!,#REF!,IF(P14<=#REF!,#REF!,IF(P14<=#REF!,#REF!,IF(P14<=#REF!,#REF!,IF(P14<=#REF!,#REF!,IF(P14<=#REF!,#REF!,IF(P14<=#REF!,#REF!,IF(P14<=#REF!,#REF!,IF(P14<=#REF!,#REF!,IF(P14<=#REF!,#REF!,IF(P14<=#REF!,#REF!,IF(P14<=#REF!,#REF!,IF(P14<=#REF!,#REF!,IF(P14<=#REF!,#REF!,IF(P14<=#REF!,#REF!,IF(P14<=#REF!,#REF!,IF(P14<=#REF!,#REF!,IF(P14<=#REF!,#REF!,IF(P14<=#REF!,#REF!,IF(P14<=#REF!,#REF!,IF(P14<=#REF!,#REF!,0)))))))))))))))))))))))) -> #REF! | BI14: =IF(P14<=#REF!,#REF!,IF(P14<=#REF!,#REF!,IF(P14<=#REF!,#REF!,IF(P14<=#REF!,#REF!,IF(P14<=#REF!,#REF!,IF(P14<=#REF!,#REF!,IF(P14<=#REF!,#REF!,IF(P14<=#REF!,#REF!,IF(P14<=#REF!,#REF!,IF(P14<=#REF!,#REF!,IF(P14<=#REF!,#REF!,IF(P14<=#REF!,#REF!,IF(P14<=#REF!,#REF!,IF(P14<=#REF!,#REF!,IF(P14<=#REF!,#REF!,IF(P14<=#REF!,#REF!,IF(P14<=#REF!,#REF!,IF(P14<=#REF!,#REF!,IF(P14<=#REF!,#REF!,IF(P14<=#REF!,#REF!,IF(P14<=#REF!,#REF!,IF(P14<=#REF!,#REF!,IF(P14<=#REF!,#REF!,IF(P14<=#REF!,#REF!,0)))))))))))))))))))))))) -> #REF! | BJ14: 0.85
A15: 02 | B15: QDNO-400 | C15: - | D15: PRI | E15: 180 | F15: 01 | G15: T | H15: AR | I15: QD-21012-0001 | J15: Antecâmara de Materiais - 0165.4.06 | K15: Porta Rápida Interna com Visor - Folha Simples de Enrolar (180x210cm) | N15: =AX15 -> 220 | O15: 1.5 | P15: =AV15 -> 1.5 | Q15: =P15/V15/W15 -> #REF! | R15: =P15*U15*X15 -> 1.05 | S15: =Q15*U15*X15 -> #REF! | T15: =AW15 -> 2 | U15: 1 | V15: =IF((BE15="N")*AND(BG15="M"),BJ15,BI15) -> #REF! | W15: =IF(BE15="N",1,BH15/100) -> #REF! | X15: 0.7 | Y15: =BB15 -> N | Z15: 24 | AA15: =Z15*R15 -> 25.2 | AB15: =AY15 -> NB | AC15: =IF((((T15=3))),(Q15*1000)/((SQRT(3)*N15)),(IF(((T15=1)),(Q15*1000)/((N15)),(IF(((T15=2)),(Q15*1000)/((N15)),0))))) -> #REF! | AV15: 1.5 | AW15: 2 | AX15: 220 | AY15: NB | AZ15: P | BA15: N | BB15: N | BC15: PAINEL NORMAL | BD15: N | BE15: S | BF15: N | BG15: A | BH15: =IF(P15<=#REF!,#REF!,IF(P15<=#REF!,#REF!,IF(P15<=#REF!,#REF!,IF(P15<=#REF!,#REF!,IF(P15<=#REF!,#REF!,IF(P15<=#REF!,#REF!,IF(P15<=#REF!,#REF!,IF(P15<=#REF!,#REF!,IF(P15<=#REF!,#REF!,IF(P15<=#REF!,#REF!,IF(P15<=#REF!,#REF!,IF(P15<=#REF!,#REF!,IF(P15<=#REF!,#REF!,IF(P15<=#REF!,#REF!,IF(P15<=#REF!,#REF!,IF(P15<=#REF!,#REF!,IF(P15<=#REF!,#REF!,IF(P15<=#REF!,#REF!,IF(P15<=#REF!,#REF!,IF(P15<=#REF!,#REF!,IF(P15<=#REF!,#REF!,IF(P15<=#REF!,#REF!,IF(P15<=#REF!,#REF!,IF(P15<=#REF!,#REF!,0)))))))))))))))))))))))) -> #REF! | BI15: =IF(P15<=#REF!,#REF!,IF(P15<=#REF!,#REF!,IF(P15<=#REF!,#REF!,IF(P15<=#REF!,#REF!,IF(P15<=#REF!,#REF!,IF(P15<=#REF!,#REF!,IF(P15<=#REF!,#REF!,IF(P15<=#REF!,#REF!,IF(P15<=#REF!,#REF!,IF(P15<=#REF!,#REF!,IF(P15<=#REF!,#REF!,IF(P15<=#REF!,#REF!,IF(P15<=#REF!,#REF!,IF(P15<=#REF!,#REF!,IF(P15<=#REF!,#REF!,IF(P15<=#REF!,#REF!,IF(P15<=#REF!,#REF!,IF(P15<=#REF!,#REF!,IF(P15<=#REF!,#REF!,IF(P15<=#REF!,#REF!,IF(P15<=#REF!,#REF!,IF(P15<=#REF!,#REF!,IF(P15<=#REF!,#REF!,IF(P15<=#REF!,#REF!,0)))))))))))))))))))))))) -> #REF! | BJ15: 0.85
A16: 02 | B16: QDNO-400 | C16: - | D16: - | E16: EQ | F16: 01 | G16: T | H16: AR | I16: QD-21012-0001 | J16: Antecâmara de Materiais - 0165.4.03 | K16: Armadilha Luminosa para Insetos (57x19x15cm) | N16: =AX16 -> 220 | O16: 0.03 | P16: =AV16 -> 0.03 | Q16: =P16/V16/W16 -> 0.035294118 | R16: =P16*U16*X16 -> 0.021 | S16: =Q16*U16*X16 -> 0.024705882 | T16: =AW16 -> 2 | U16: 1 | V16: =IF((BE16="N")*AND(BG16="M"),BJ16,BI16) -> 0.85 | W16: =IF(BE16="N",1,BH16/100) -> 1 | X16: 0.7 | Y16: =BB16 -> N | Z16: 24 | AA16: =Z16*R16 -> 0.504 | AB16: =AY16 -> NB | AC16: =IF((((T16=3))),(Q16*1000)/((SQRT(3)*N16)),(IF(((T16=1)),(Q16*1000)/((N16)),(IF(((T16=2)),(Q16*1000)/((N16)),0))))) -> 0.16042781 | AV16: 0.03 | AW16: 2 | AX16: 220 | AY16: NB | AZ16: T | BA16: N | BB16: N | BC16: =IF(((AZ16="P")*AND(BA16="N")*AND(BF16="S")*AND(BE16="S")*AND(BD16="N")*AND(AV16<=3.68)),"RELÉ",(IF(((AZ16="P")*AND(BA16="N")*AND(BE16="S")*AND(BD16="S")),"C-FORNECIDO",(IF(((AZ16="P")*AND(BA16="S")*AND(BD16="S")),"C-FORNECIDO",(IF(((AZ16="D")*AND(BA16="S")*AND(BD16="N")),"I-PROJETAR",(IF(((AZ16="P")*AND(BA16="N")*AND(BE16="S")*AND(AV16>=3.68)*AND(BD16="N")),"I-PROJETAR",(IF(((AZ16="D")*AND(BA16="N")*AND(BE16="S")*AND(AV16<=3.68)*AND(BD16="N")),"DIRETA",(IF(((AZ16="D")*AND(BA16="N")*AND(BE16="S")*AND(AV16>=3.68)*AND(BD16="N")),"I-PROJETAR",IF(((AZ16="T")*AND(BA16="N")),"TOMADA",IF(((AZ16="P")*AND(BA16="N")*AND(BE16="N")),"PAINEL NORMAL",0))))))))))))))) -> TOMADA | BD16: N | BE16: N | BF16: N | BG16: M | BH16: =IF(P16<=#REF!,#REF!,IF(P16<=#REF!,#REF!,IF(P16<=#REF!,#REF!,IF(P16<=#REF!,#REF!,IF(P16<=#REF!,#REF!,IF(P16<=#REF!,#REF!,IF(P16<=#REF!,#REF!,IF(P16<=#REF!,#REF!,IF(P16<=#REF!,#REF!,IF(P16<=#REF!,#REF!,IF(P16<=#REF!,#REF!,IF(P16<=#REF!,#REF!,IF(P16<=#REF!,#REF!,IF(P16<=#REF!,#REF!,IF(P16<=#REF!,#REF!,IF(P16<=#REF!,#REF!,IF(P16<=#REF!,#REF!,IF(P16<=#REF!,#REF!,IF(P16<=#REF!,#REF!,IF(P16<=#REF!,#REF!,IF(P16<=#REF!,#REF!,IF(P16<=#REF!,#REF!,IF(P16<=#REF!,#REF!,IF(P16<=#REF!,#REF!,0)))))))))))))))))))))))) -> #REF! | BI16: =IF(P16<=#REF!,#REF!,IF(P16<=#REF!,#REF!,IF(P16<=#REF!,#REF!,IF(P16<=#REF!,#REF!,IF(P16<=#REF!,#REF!,IF(P16<=#REF!,#REF!,IF(P16<=#REF!,#REF!,IF(P16<=#REF!,#REF!,IF(P16<=#REF!,#REF!,IF(P16<=#REF!,#REF!,IF(P16<=#REF!,#REF!,IF(P16<=#REF!,#REF!,IF(P16<=#REF!,#REF!,IF(P16<=#REF!,#REF!,IF(P16<=#REF!,#REF!,IF(P16<=#REF!,#REF!,IF(P16<=#REF!,#REF!,IF(P16<=#REF!,#REF!,IF(P16<=#REF!,#REF!,IF(P16<=#REF!,#REF!,IF(P16<=#REF!,#REF!,IF(P16<=#REF!,#REF!,IF(P16<=#REF!,#REF!,IF(P16<=#REF!,#REF!,0)))))))))))))))))))))))) -> #REF! | BJ16: 0.85
A17: 02 | B17: QDNO-405 | C17: - | D17: - | E17: - | F17: T | G17: 01 | H17: EL | I17: QD-21012-0001 | J17: Geral | K17: Tomadas de Uso Geral - 220V | L17: - | M17: - | N17: =AX17 -> 220 | O17: 1.8 | P17: =AV17 -> 1.8 | Q17: =P17/V17/W17 -> 2.195122 | R17: =P17*U17*X17 -> 1.26 | S17: =Q17*U17*X17 -> 1.5365854 | T17: =AW17 -> 2 | U17: 1 | V17: =IF((BE17="N")*AND(BG17="M"),BJ17,BI17) -> 0.82 | W17: =IF(BE17="N",1,BH17/100) -> 1 | X17: 0.7 | Y17: =BB17 -> N | Z17: 24 | AA17: =Z17*R17 -> 30.24 | AB17: NB | AC17: =IF((((T17=3))),(Q17*1000)/((SQRT(3)*N17)),(IF(((T17=1)),(Q17*1000)/((N17)),(IF(((T17=2)),(Q17*1000)/((N17)),0))))) -> 9.9778271 | AF17: =IF(AND($AX17=440,$AB17="-"),$S17," ") | AG17: =IF(AND($AX17=380,$AB17="-"),$S17," ") | AH17: =IF(AND($AX17=220,$AB17="-"),$S17," ") | AI17: =IF(AND($AX17=127,$AB17="-"),$S17," ") | AJ17: =IF(AND($AX17=440,$AB17="GE"),$S17," ") | AK17: =IF(AND($AX17=380,$AB17="GE"),$S17," ") | AL17: =IF(AND($AX17=220,$AB17="GE"),$S17," ") | AM17: =IF(AND($AX17=127,$AB17="GE"),$S17," ") | AN17: =IF(AND($AX17=440,$AB17="GE+NBL"),$S17," ") | AO17: =IF(AND($AX17=380,$AB17="GE+NBL"),$S17," ") | AP17: =IF(AND($AX17=220,$AB17="GE+NBL"),$S17," ") | AQ17: =IF(AND($AX17=127,$AB17="GE+NBL"),$S17," ") | AR17: =IF(AND($AX17=440,$AB17="GE+NB"),$S17," ") | AS17: =IF(AND($AX17=380,$AB17="GE+NB"),$S17," ") | AT17: =IF(AND($AX17=220,$AB17="GE+NB"),$S17," ") | AU17: =IF(AND($AX17=127,$AB17="GE+NB"),$S17," ") | AV17: 1.8 | AW17: 2 | AX17: 220 | AY17: - | AZ17: T | BA17: N | BB17: N | BC17: =IF(((AZ17="P")*AND(BA17="N")*AND(BF17="S")*AND(BE17="S")*AND(BD17="N")*AND(AV17<=3.68)),"RELÉ",(IF(((AZ17="P")*AND(BA17="N")*AND(BE17="S")*AND(BD17="S")),"C-FORNECIDO",(IF(((AZ17="P")*AND(BA17="S")*AND(BD17="S")),"C-FORNECIDO",(IF(((AZ17="D")*AND(BA17="S")*AND(BD17="N")),"I-PROJETAR",(IF(((AZ17="P")*AND(BA17="N")*AND(BE17="S")*AND(AV17>=3.68)*AND(BD17="N")),"I-PROJETAR",(IF(((AZ17="D")*AND(BA17="N")*AND(BE17="S")*AND(AV17<=3.68)*AND(BD17="N")),"DIRETA",(IF(((AZ17="D")*AND(BA17="N")*AND(BE17="S")*AND(AV17>=3.68)*AND(BD17="N")),"I-PROJETAR",IF(((AZ17="T")*AND(BA17="N")),"TOMADA",IF(((AZ17="P")*AND(BA17="N")*AND(BE17="N")),"PAINEL NORMAL",0))))))))))))))) -> TOMADA | BD17: N | BE17: N | BF17: N | BG17: M | BH17: =IF(P17<=#REF!,#REF!,IF(P17<=#REF!,#REF!,IF(P17<=#REF!,#REF!,IF(P17<=#REF!,#REF!,IF(P17<=#REF!,#REF!,IF(P17<=#REF!,#REF!,IF(P17<=#REF!,#REF!,IF(P17<=#REF!,#REF!,IF(P17<=#REF!,#REF!,IF(P17<=#REF!,#REF!,IF(P17<=#REF!,#REF!,IF(P17<=#REF!,#REF!,IF(P17<=#REF!,#REF!,IF(P17<=#REF!,#REF!,IF(P17<=#REF!,#REF!,IF(P17<=#REF!,#REF!,IF(P17<=#REF!,#REF!,IF(P17<=#REF!,#REF!,IF(P17<=#REF!,#REF!,IF(P17<=#REF!,#REF!,IF(P17<=#REF!,#REF!,IF(P17<=#REF!,#REF!,IF(P17<=#REF!,#REF!,IF(P17<=#REF!,#REF!,0)))))))))))))))))))))))) -> #REF! | BI17: =IF(P17<=#REF!,#REF!,IF(P17<=#REF!,#REF!,IF(P17<=#REF!,#REF!,IF(P17<=#REF!,#REF!,IF(P17<=#REF!,#REF!,IF(P17<=#REF!,#REF!,IF(P17<=#REF!,#REF!,IF(P17<=#REF!,#REF!,IF(P17<=#REF!,#REF!,IF(P17<=#REF!,#REF!,IF(P17<=#REF!,#REF!,IF(P17<=#REF!,#REF!,IF(P17<=#REF!,#REF!,IF(P17<=#REF!,#REF!,IF(P17<=#REF!,#REF!,IF(P17<=#REF!,#REF!,IF(P17<=#REF!,#REF!,IF(P17<=#REF!,#REF!,IF(P17<=#REF!,#REF!,IF(P17<=#REF!,#REF!,IF(P17<=#REF!,#REF!,IF(P17<=#REF!,#REF!,IF(P17<=#REF!,#REF!,IF(P17<=#REF!,#REF!,0)))))))))))))))))))))))) -> #REF! | BJ17: 0.82
A18: 02 | B18: QDNO-405 | C18: - | D18: - | E18: - | F18: IL | G18: 01 | H18: EL | I18: QDL-04 | J18: Geral | K18: Sistema de Iluminação | L18: - | M18: - | N18: =AX18 -> 220 | O18: 1.2 | P18: =AV18 -> 1.2 | Q18: =P18/V18/W18 -> 1.3333333 | R18: =P18*U18*X18 -> 1.2 | S18: =Q18*U18*X18 -> 1.3333333 | T18: =AW18 -> 2 | U18: 1 | V18: =IF((BE18="N")*AND(BG18="M"),BJ18,BI18) -> 0.9 | W18: =IF(BE18="N",1,BH18/100) -> 1 | X18: 1 | Y18: =BB18 -> N | Z18: 24 | AA18: =Z18*R18 -> 28.8 | AB18: =AY18 -> - | AC18: =IF((((T18=3))),(Q18*1000)/((SQRT(3)*N18)),(IF(((T18=1)),(Q18*1000)/((N18)),(IF(((T18=2)),(Q18*1000)/((N18)),0))))) -> 6.0606061 | AF18: =IF(AND($AX18=440,$AB18="-"),$S18," ") | AG18: =IF(AND($AX18=380,$AB18="-"),$S18," ") | AH18: =IF(AND($AX18=220,$AB18="-"),$S18," ") -> 1.3333333 | AI18: =IF(AND($AX18=127,$AB18="-"),$S18," ") | AJ18: =IF(AND($AX18=440,$AB18="GE"),$S18," ") | AK18: =IF(AND($AX18=380,$AB18="GE"),$S18," ") | AL18: =IF(AND($AX18=220,$AB18="GE"),$S18," ") | AM18: =IF(AND($AX18=127,$AB18="GE"),$S18," ") | AN18: =IF(AND($AX18=440,$AB18="GE+NBL"),$S18," ") | AO18: =IF(AND($AX18=380,$AB18="GE+NBL"),$S18," ") | AP18: =IF(AND($AX18=220,$AB18="GE+NBL"),$S18," ") | AQ18: =IF(AND($AX18=127,$AB18="GE+NBL"),$S18," ") | AR18: =IF(AND($AX18=440,$AB18="GE+NB"),$S18," ") | AS18: =IF(AND($AX18=380,$AB18="GE+NB"),$S18," ") | AT18: =IF(AND($AX18=220,$AB18="GE+NB"),$S18," ") | AU18: =IF(AND($AX18=127,$AB18="GE+NB"),$S18," ") | AV18: 1.2 | AW18: 2 | AX18: 220 | AY18: - | AZ18: T | BA18: N | BB18: N | BC18: =IF(((AZ18="P")*AND(BA18="N")*AND(BF18="S")*AND(BE18="S")*AND(BD18="N")*AND(AV18<=3.68)),"RELÉ",(IF(((AZ18="P")*AND(BA18="N")*AND(BE18="S")*AND(BD18="S")),"C-FORNECIDO",(IF(((AZ18="P")*AND(BA18="S")*AND(BD18="S")),"C-FORNECIDO",(IF(((AZ18="D")*AND(BA18="S")*AND(BD18="N")),"I-PROJETAR",(IF(((AZ18="P")*AND(BA18="N")*AND(BE18="S")*AND(AV18>=3.68)*AND(BD18="N")),"I-PROJETAR",(IF(((AZ18="D")*AND(BA18="N")*AND(BE18="S")*AND(AV18<=3.68)*AND(BD18="N")),"DIRETA",(IF(((AZ18="D")*AND(BA18="N")*AND(BE18="S")*AND(AV18>=3.68)*AND(BD18="N")),"I-PROJETAR",IF(((AZ18="T")*AND(BA18="N")),"TOMADA",IF(((AZ18="P")*AND(BA18="N")*AND(BE18="N")),"PAINEL NORMAL",0))))))))))))))) -> TOMADA | BD18: N | BE18: N | BF18: N | BG18: M | BH18: =IF(P18<=#REF!,#REF!,IF(P18<=#REF!,#REF!,IF(P18<=#REF!,#REF!,IF(P18<=#REF!,#REF!,IF(P18<=#REF!,#REF!,IF(P18<=#REF!,#REF!,IF(P18<=#REF!,#REF!,IF(P18<=#REF!,#REF!,IF(P18<=#REF!,#REF!,IF(P18<=#REF!,#REF!,IF(P18<=#REF!,#REF!,IF(P18<=#REF!,#REF!,IF(P18<=#REF!,#REF!,IF(P18<=#REF!,#REF!,IF(P18<=#REF!,#REF!,IF(P18<=#REF!,#REF!,IF(P18<=#REF!,#REF!,IF(P18<=#REF!,#REF!,IF(P18<=#REF!,#REF!,IF(P18<=#REF!,#REF!,IF(P18<=#REF!,#REF!,IF(P18<=#REF!,#REF!,IF(P18<=#REF!,#REF!,IF(P18<=#REF!,#REF!,0)))))))))))))))))))))))) -> #REF! | BI18: =IF(P18<=#REF!,#REF!,IF(P18<=#REF!,#REF!,IF(P18<=#REF!,#REF!,IF(P18<=#REF!,#REF!,IF(P18<=#REF!,#REF!,IF(P18<=#REF!,#REF!,IF(P18<=#REF!,#REF!,IF(P18<=#REF!,#REF!,IF(P18<=#REF!,#REF!,IF(P18<=#REF!,#REF!,IF(P18<=#REF!,#REF!,IF(P18<=#REF!,#REF!,IF(P18<=#REF!,#REF!,IF(P18<=#REF!,#REF!,IF(P18<=#REF!,#REF!,IF(P18<=#REF!,#REF!,IF(P18<=#REF!,#REF!,IF(P18<=#REF!,#REF!,IF(P18<=#REF!,#REF!,IF(P18<=#REF!,#REF!,IF(P18<=#REF!,#REF!,IF(P18<=#REF!,#REF!,IF(P18<=#REF!,#REF!,IF(P18<=#REF!,#REF!,0)))))))))))))))))))))))) -> #REF! | BJ18: 0.9
A19: TOTAL GERAL | O19: =SUM(O4:O18) -> 33.11 | P19: =SUM(P4:P18) -> 33.11 | Q19: =SUM(Q4:Q18) -> #REF! | R19: =SUM(R4:R18) -> 23.537 | S19: =SUM(S4:S18) -> #REF! | U19: - | V19: =P19/Q19 -> #REF! | W19: - | X19: =S19/Q19 -> #REF! | Y19: - | Z19: - | AA19: =SUM($AA$4:$AA$18) -> 564.888 | AF19: =SUM(AF4:AF18) -> 0 | AG19: =SUM(AG4:AG18) -> 0 | AH19: =SUM(AH4:AH18) -> 1.3333333 | AI19: =SUM(AI4:AI18) -> 0 | AJ19: =SUM(AJ4:AJ18) -> 0 | AK19: =SUM(AK4:AK18) -> 0 | AL19: =SUM(AL4:AL18) -> 0 | AM19: =SUM(AM4:AM18) -> 0 | ... AU19: =SUM(AU4:AU18) -> 0
K21: TOTAL 220V | O21: =SUMIFS(O$4:O$18,$N$4:$N$18,220) -> 13.11 | P21: =SUMIFS(P$4:P$18,$N$4:$N$18,220) -> 13.11 | Q21: =SUMIFS(Q$4:Q$18,$N$4:$N$18,220) -> #REF! | R21: =SUMIFS(R$4:R$18,$N$4:$N$18,220) -> 9.537 | S21: =SUMIFS(S$4:S$18,$N$4:$N$18,220) -> #REF!
K22: TOTAL 220V | O22: =SUMIFS(O$4:O$18,$N$4:$N$18,220) -> 13.11 | P22: =SUMIFS(P$4:P$18,$N$4:$N$18,220) -> 13.11 | Q22: =SUMIFS(Q$4:Q$18,$N$4:$N$18,220) -> #REF! | R22: =SUMIFS(R$4:R$18,$N$4:$N$18,220) -> 9.537 | S22: =SUMIFS(S$4:S$18,$N$4:$N$18,220) -> #REF!
K23: TOTAL 380V | O23: =SUMIFS(O$4:O$18,$N$4:$N$18,380) -> 0 | P23: =SUMIFS(P$4:P$18,$N$4:$N$18,380) -> 0 | Q23: =SUMIFS(Q$4:Q$18,$N$4:$N$18,380) -> 0 | R23: =SUMIFS(R$4:R$18,$N$4:$N$18,380) -> 0 | S23: =SUMIFS(S$4:S$18,$N$4:$N$18,380) -> 0
N27: PR | O27: =SUMIF($H$4:$H$18,$N27,O$4:O$18) -> 24.08 | P27: =SUMIF($H$4:$H$18,$N27,P$4:P$18) -> 24.08 | Q27: =SUMIF($H$4:$H$18,$N27,Q$4:Q$18) -> 29.8 | R27: =SUMIF($H$4:$H$18,$N27,R$4:R$18) -> 16.856 | S27: =SUMIF($H$4:$H$18,$N27,S$4:S$18) -> 20.86
N28: BU | O28: =SUMIF($H$4:$H$18,$N28,O$4:O$18) -> 0 | P28: =SUMIF($H$4:$H$18,$N28,P$4:P$18) -> 0 | Q28: =SUMIF($H$4:$H$18,$N28,Q$4:Q$18) -> 0 | R28: =SUMIF($H$4:$H$18,$N28,R$4:R$18) -> 0 | S28: =SUMIF($H$4:$H$18,$N28,S$4:S$18) -> 0
N29: CU | O29: =SUMIF($H$4:$H$18,$N29,O$4:O$18) -> 0 | P29: =SUMIF($H$4:$H$18,$N29,P$4:P$18) -> 0 | Q29: =SUMIF($H$4:$H$18,$N29,Q$4:Q$18) -> 0 | R29: =SUMIF($H$4:$H$18,$N29,R$4:R$18) -> 0 | S29: =SUMIF($H$4:$H$18,$N29,S$4:S$18) -> 0
N30: HA | O30: =SUMIF($H$4:$H$18,$N30,O$4:O$18) -> 0 | P30: =SUMIF($H$4:$H$18,$N30,P$4:P$18) -> 0 | Q30: =SUMIF($H$4:$H$18,$N30,Q$4:Q$18) -> 0 | R30: =SUMIF($H$4:$H$18,$N30,R$4:R$18) -> 0 | S30: =SUMIF($H$4:$H$18,$N30,S$4:S$18) -> 0
N31: AR | O31: =SUMIF($H$4:$H$18,$N31,O$4:O$18) -> 6.03 | P31: =SUMIF($H$4:$H$18,$N31,P$4:P$18) -> 6.03 | Q31: =SUMIF($H$4:$H$18,$N31,Q$4:Q$18) -> #REF! | R31: =SUMIF($H$4:$H$18,$N31,R$4:R$18) -> 4.221 | S31: =SUMIF($H$4:$H$18,$N31,S$4:S$18) -> #REF!
N32: EL | O32: =SUMIF($H$4:$H$18,$N32,O$4:O$18) -> 3 | P32: =SUMIF($H$4:$H$18,$N32,P$4:P$18) -> 3 | Q32: =SUMIF($H$4:$H$18,$N32,Q$4:Q$18) -> 3.5284553 | R32: =SUMIF($H$4:$H$18,$N32,R$4:R$18) -> 2.46 | S32: =SUMIF($H$4:$H$18,$N32,S$4:S$18) -> 2.8699187
N33: AT | O33: =SUMIF($H$4:$H$18,$N33,O$4:O$18) -> 0 | P33: =SUMIF($H$4:$H$18,$N33,P$4:P$18) -> 0 | Q33: =SUMIF($H$4:$H$18,$N33,Q$4:Q$18) -> 0 | R33: =SUMIF($H$4:$H$18,$N33,R$4:R$18) -> 0 | S33: =SUMIF($H$4:$H$18,$N33,S$4:S$18) -> 0
N34: TOTAL | O34: =SUM(O27:O33) -> 33.11 | P34: =SUM(P27:P33) -> 33.11 | Q34: =SUM(Q27:Q33) -> #REF! | R34: =SUM(R27:R33) -> 23.537 | S34: =SUM(S27:S33) -> #REF!
M38: QDL-301 | O38: =#REF!+#REF!+#REF! -> #REF! | P38: =#REF!+#REF!+#REF! -> #REF! | Q38: =#REF!+#REF!+#REF! -> #REF! | R38: =#REF!+#REF!+#REF! -> #REF! | S38: =#REF!+#REF!+#REF! -> #REF!
M39: QDNO-301 | O39: =O4+O5+O6+O7+O8+#REF!+#REF!+#REF!+#REF!+O18+O17+#REF!+#REF!+#REF!+#REF!+#REF!+#REF!+#REF!+#REF!+#REF!+#REF!+#REF!+#REF!+#REF!+#REF!+#REF!+#REF!+#REF!+#REF!+#REF!+#REF!+#REF!+#REF!+#REF!+#REF!+#REF!+#REF!+#REF!+#REF!+#REF!+#REF!+#REF!+#REF!+#REF!+#REF!+#REF!+#REF!+#REF!+#REF!+#REF!+#REF!+#REF!+#REF!+#REF!+#REF!+#REF!+#REF!+#REF!+#REF!+#REF!+#REF!+#REF!+#REF!+#REF!+#REF!+#REF!+#REF!+#REF!+#REF!+#REF!+#REF!+#REF!+#REF!+#REF!+#REF!+#REF!+#REF!+#REF!+#REF!+#REF!+#REF!+#REF!+#REF!+#REF!+#REF!+#REF!+#REF!+#REF!+#REF!+#REF!+#REF!+#REF!+#REF!+#REF!+#REF!+#REF!+#REF!+#REF!+#REF!+#REF!+#REF!+#REF!+#REF!+#REF!+#REF!+#REF!+#REF!+#REF!+#REF!+#REF!+#REF!+#REF!+#REF!+#REF!+#REF!+#REF!+#REF!+#REF!+#REF!+#REF!+#REF!+#REF!+#REF!+#REF!+#REF!+#REF!+#REF!+#REF!+#REF!+#REF!+#REF!+#REF!+#REF! -> #REF! | P39: =P4+P5+P6+P7+P8+#REF!+#REF!+#REF!+#REF!+P18+P17+#REF!+#REF!+#REF!+#REF!+#REF!+#REF!+#REF!+#REF!+#REF!+#REF!+#REF!+#REF!+#REF!+#REF!+#REF!+#REF!+#REF!+#REF!+#REF!+#REF!+#REF!+#REF!+#REF!+#REF!+#REF!+#REF!+#REF!+#REF!+#REF!+#REF!+#REF!+#REF!+#REF!+#REF!+#REF!+#REF!+#REF!+#REF!+#REF!+#REF!+#REF!+#REF!+#REF!+#REF!+#REF!+#REF!+#REF!+#REF!+#REF!+#REF!+#REF!+#REF!+#REF!+#REF!+#REF!+#REF!+#REF!+#REF!+#REF!+#REF!+#REF!+#REF!+#REF!+#REF!+#REF!+#REF!+#REF!+#REF!+#REF!+#REF!+#REF!+#REF!+#REF!+#REF!+#REF!+#REF!+#REF!+#REF!+#REF!+#REF!+#REF!+#REF!+#REF!+#REF!+#REF!+#REF!+#REF!+#REF!+#REF!+#REF!+#REF!+#REF!+#REF!+#REF!+#REF!+#REF!+#REF!+#REF!+#REF!+#REF!+#REF!+#REF!+#REF!+#REF!+#REF!+#REF!+#REF!+#REF!+#REF!+#REF!+#REF!+#REF!+#REF!+#REF!+#REF!+#REF!+#REF!+#REF!+#REF!+#REF!+#REF!+#REF! -> #REF! | Q39: =Q4+Q5+Q6+Q7+Q8+#REF!+#REF!+#REF!+#REF!+Q18+Q17+#REF!+#REF!+#REF!+#REF!+#REF!+#REF!+#REF!+#REF!+#REF!+#REF!+#REF!+#REF!+#REF!+#REF!+#REF!+#REF!+#REF!+#REF!+#REF!+#REF!+#REF!+#REF!+#REF!+#REF!+#REF!+#REF!+#REF!+#REF!+#REF!+#REF!+#REF!+#REF!+#REF!+#REF!+#REF!+#REF!+#REF!+#REF!+#REF!+#REF!+#REF!+#REF!+#REF!+#REF!+#REF!+#REF!+#REF!+#REF!+#REF!+#REF!+#REF!+#REF!+#REF!+#REF!+#REF!+#REF!+#REF!+#REF!+#REF!+#REF!+#REF!+#REF!+#REF!+#REF!+#REF!+#REF!+#REF!+#REF!+#REF!+#REF!+#REF!+#REF!+#REF!+#REF!+#REF!+#REF!+#REF!+#REF!+#REF!+#REF!+#REF!+#REF!+#REF!+#REF!+#REF!+#REF!+#REF!+#REF!+#REF!+#REF!+#REF!+#REF!+#REF!+#REF!+#REF!+#REF!+#REF!+#REF!+#REF!+#REF!+#REF!+#REF!+#REF!+#REF!+#REF!+#REF!+#REF!+#REF!+#REF!+#REF!+#REF!+#REF!+#REF!+#REF!+#REF!+#REF!+#REF!+#REF!+#REF!+#REF!+#REF!+#REF! -> #REF! | R39: =R4+R5+R6+R7+R8+#REF!+#REF!+#REF!+#REF!+R18+R17+#REF!+#REF!+#REF!+#REF!+#REF!+#REF!+#REF!+#REF!+#REF!+#REF!+#REF!+#REF!+#REF!+#REF!+#REF!+#REF!+#REF!+#REF!+#REF!+#REF!+#REF!+#REF!+#REF!+#REF!+#REF!+#REF!+#REF!+#REF!+#REF!+#REF!+#REF!+#REF!+#REF!+#REF!+#REF!+#REF!+#REF!+#REF!+#REF!+#REF!+#REF!+#REF!+#REF!+#REF!+#REF!+#REF!+#REF!+#REF!+#REF!+#REF!+#REF!+#REF!+#REF!+#REF!+#REF!+#REF!+#REF!+#REF!+#REF!+#REF!+#REF!+#REF!+#REF!+#REF!+#REF!+#REF!+#REF!+#REF!+#REF!+#REF!+#REF!+#REF!+#REF!+#REF!+#REF!+#REF!+#REF!+#REF!+#REF!+#REF!+#REF!+#REF!+#REF!+#REF!+#REF!+#REF!+#REF!+#REF!+#REF!+#REF!+#REF!+#REF!+#REF!+#REF!+#REF!+#REF!+#REF!+#REF!+#REF!+#REF!+#REF!+#REF!+#REF!+#REF!+#REF!+#REF!+#REF!+#REF!+#REF!+#REF!+#REF!+#REF!+#REF!+#REF!+#REF!+#REF!+#REF!+#REF!+#REF!+#REF!+#REF!+#REF! -> #REF! | S39: =S4+S5+S6+S7+S8+#REF!+#REF!+#REF!+#REF!+S18+S17+#REF!+#REF!+#REF!+#REF!+#REF!+#REF!+#REF!+#REF!+#REF!+#REF!+#REF!+#REF!+#REF!+#REF!+#REF!+#REF!+#REF!+#REF!+#REF!+#REF!+#REF!+#REF!+#REF!+#REF!+#REF!+#REF!+#REF!+#REF!+#REF!+#REF!+#REF!+#REF!+#REF!+#REF!+#REF!+#REF!+#REF!+#REF!+#REF!+#REF!+#REF!+#REF!+#REF!+#REF!+#REF!+#REF!+#REF!+#REF!+#REF!+#REF!+#REF!+#REF!+#REF!+#REF!+#REF!+#REF!+#REF!+#REF!+#REF!+#REF!+#REF!+#REF!+#REF!+#REF!+#REF!+#REF!+#REF!+#REF!+#REF!+#REF!+#REF!+#REF!+#REF!+#REF!+#REF!+#REF!+#REF!+#REF!+#REF!+#REF!+#REF!+#REF!+#REF!+#REF!+#REF!+#REF!+#REF!+#REF!+#REF!+#REF!+#REF!+#REF!+#REF!+#REF!+#REF!+#REF!+#REF!+#REF!+#REF!+#REF!+#REF!+#REF!+#REF!+#REF!+#REF!+#REF!+#REF!+#REF!+#REF!+#REF!+#REF!+#REF!+#REF!+#REF!+#REF!+#REF!+#REF!+#REF!+#REF!+#REF!+#REF!+#REF! -> #REF!
M40: QDF-396 | O40: =#REF!+#REF!+#REF!+#REF!+#REF!+#REF!+#REF!+#REF!+#REF!+#REF!+#REF!+#REF!+#REF!+#REF!+#REF!+#REF!+#REF!+#REF!+#REF!+#REF!+#REF!+#REF!+#REF!+#REF!+#REF!+#REF!+#REF!+#REF!+#REF!+#REF!+#REF!+#REF!+#REF!+#REF!+#REF!+#REF!+#REF!+#REF!+#REF!+#REF!+#REF!+#REF!+#REF!+#REF!+#REF!+#REF!+#REF!+#REF!+#REF!+#REF!+#REF!+#REF!+#REF!+#REF!+#REF!+#REF!+#REF!+#REF!+#REF!+#REF!+#REF!+#REF!+#REF!+#REF!+#REF!+#REF!+#REF!+#REF!+#REF!+#REF!+#REF!+#REF!+#REF!+#REF!+#REF!+#REF!+#REF!+#REF!+#REF!+#REF!+#REF!+#REF!+#REF!+#REF!+#REF!+#REF!+#REF!+#REF!+#REF!+#REF!+#REF!+#REF!+#REF!+#REF!+#REF!+#REF!+#REF!+#REF! -> #REF! | P40: =#REF!+#REF!+#REF!+#REF!+#REF!+#REF!+#REF!+#REF!+#REF!+#REF!+#REF!+#REF!+#REF!+#REF!+#REF!+#REF!+#REF!+#REF!+#REF!+#REF!+#REF!+#REF!+#REF!+#REF!+#REF!+#REF!+#REF!+#REF!+#REF!+#REF!+#REF!+#REF!+#REF!+#REF!+#REF!+#REF!+#REF!+#REF!+#REF!+#REF!+#REF!+#REF!+#REF!+#REF!+#REF!+#REF!+#REF!+#REF!+#REF!+#REF!+#REF!+#REF!+#REF!+#REF!+#REF!+#REF!+#REF!+#REF!+#REF!+#REF!+#REF!+#REF!+#REF!+#REF!+#REF!+#REF!+#REF!+#REF!+#REF!+#REF!+#REF!+#REF!+#REF!+#REF!+#REF!+#REF!+#REF!+#REF!+#REF!+#REF!+#REF!+#REF!+#REF!+#REF!+#REF!+#REF!+#REF!+#REF!+#REF!+#REF!+#REF!+#REF!+#REF!+#REF!+#REF!+#REF!+#REF!+#REF! -> #REF! | Q40: =#REF!+#REF!+#REF!+#REF!+#REF!+#REF!+#REF!+#REF!+#REF!+#REF!+#REF!+#REF!+#REF!+#REF!+#REF!+#REF!+#REF!+#REF!+#REF!+#REF!+#REF!+#REF!+#REF!+#REF!+#REF!+#REF!+#REF!+#REF!+#REF!+#REF!+#REF!+#REF!+#REF!+#REF!+#REF!+#REF!+#REF!+#REF!+#REF!+#REF!+#REF!+#REF!+#REF!+#REF!+#REF!+#REF!+#REF!+#REF!+#REF!+#REF!+#REF!+#REF!+#REF!+#REF!+#REF!+#REF!+#REF!+#REF!+#REF!+#REF!+#REF!+#REF!+#REF!+#REF!+#REF!+#REF!+#REF!+#REF!+#REF!+#REF!+#REF!+#REF!+#REF!+#REF!+#REF!+#REF!+#REF!+#REF!+#REF!+#REF!+#REF!+#REF!+#REF!+#REF!+#REF!+#REF!+#REF!+#REF!+#REF!+#REF!+#REF!+#REF!+#REF!+#REF!+#REF!+#REF!+#REF!+#REF! -> #REF! | R40: =#REF!+#REF!+#REF!+#REF!+#REF!+#REF!+#REF!+#REF!+#REF!+#REF!+#REF!+#REF!+#REF!+#REF!+#REF!+#REF!+#REF!+#REF!+#REF!+#REF!+#REF!+#REF!+#REF!+#REF!+#REF!+#REF!+#REF!+#REF!+#REF!+#REF!+#REF!+#REF!+#REF!+#REF!+#REF!+#REF!+#REF!+#REF!+#REF!+#REF!+#REF!+#REF!+#REF!+#REF!+#REF!+#REF!+#REF!+#REF!+#REF!+#REF!+#REF!+#REF!+#REF!+#REF!+#REF!+#REF!+#REF!+#REF!+#REF!+#REF!+#REF!+#REF!+#REF!+#REF!+#REF!+#REF!+#REF!+#REF!+#REF!+#REF!+#REF!+#REF!+#REF!+#REF!+#REF!+#REF!+#REF!+#REF!+#REF!+#REF!+#REF!+#REF!+#REF!+#REF!+#REF!+#REF!+#REF!+#REF!+#REF!+#REF!+#REF!+#REF!+#REF!+#REF!+#REF!+#REF!+#REF!+#REF! -> #REF! | S40: =#REF!+#REF!+#REF!+#REF!+#REF!+#REF!+#REF!+#REF!+#REF!+#REF!+#REF!+#REF!+#REF!+#REF!+#REF!+#REF!+#REF!+#REF!+#REF!+#REF!+#REF!+#REF!+#REF!+#REF!+#REF!+#REF!+#REF!+#REF!+#REF!+#REF!+#REF!+#REF!+#REF!+#REF!+#REF!+#REF!+#REF!+#REF!+#REF!+#REF!+#REF!+#REF!+#REF!+#REF!+#REF!+#REF!+#REF!+#REF!+#REF!+#REF!+#REF!+#REF!+#REF!+#REF!+#REF!+#REF!+#REF!+#REF!+#REF!+#REF!+#REF!+#REF!+#REF!+#REF!+#REF!+#REF!+#REF!+#REF!+#REF!+#REF!+#REF!+#REF!+#REF!+#REF!+#REF!+#REF!+#REF!+#REF!+#REF!+#REF!+#REF!+#REF!+#REF!+#REF!+#REF!+#REF!+#REF!+#REF!+#REF!+#REF!+#REF!+#REF!+#REF!+#REF!+#REF!+#REF!+#REF!+#REF! -> #REF!
M41: QDF-407 | O41: =#REF!+#REF!+#REF!+#REF!+#REF!+#REF!+#REF!+#REF!+#REF!+#REF!+#REF!+#REF!+#REF!+#REF!+#REF!+#REF!+#REF!+#REF!+#REF!+#REF! -> #REF! | P41: =#REF!+#REF!+#REF!+#REF!+#REF!+#REF!+#REF!+#REF!+#REF!+#REF!+#REF!+#REF!+#REF!+#REF!+#REF!+#REF!+#REF!+#REF!+#REF!+#REF! -> #REF! | Q41: =#REF!+#REF!+#REF!+#REF!+#REF!+#REF!+#REF!+#REF!+#REF!+#REF!+#REF!+#REF!+#REF!+#REF!+#REF!+#REF!+#REF!+#REF!+#REF!+#REF! -> #REF! | R41: =#REF!+#REF!+#REF!+#REF!+#REF!+#REF!+#REF!+#REF!+#REF!+#REF!+#REF!+#REF!+#REF!+#REF!+#REF!+#REF!+#REF!+#REF!+#REF!+#REF! -> #REF! | S41: =#REF!+#REF!+#REF!+#REF!+#REF!+#REF!+#REF!+#REF!+#REF!+#REF!+#REF!+#REF!+#REF!+#REF!+#REF!+#REF!+#REF!+#REF!+#REF!+#REF! -> #REF!
M42: QDF-302 | O42: =#REF! -> #REF! | P42: =#REF! -> #REF! | Q42: =#REF! -> #REF! | R42: =#REF! -> #REF! | S42: =#REF! -> #REF!

Sheet Lista de Carga
A1: LISTA DE CARGAS
A3: CLIENTE: FUNDAÇÃO HERMÍNIO OMETTO | U3: DATA: 10/05/2025
A4: PROJETO: PBC-001-25E-001 | U4: REVISÃO: 1
A7: INFORMAÇÕES COMPLEMENTARES | J7: TIPOS DE PARTIDA
A8: PAINEL DE MÉDIA TENSÃO: SE01-PMT-001 | J8: 1 - PARTIDA DIRETA COM RELÉ ELETRÔNICO DE SOBRECARGA.
A9: PAINEL DE BAIXA TENSÃO: QGBT-001 | J9: 2 - PARTIDA DIRETA COM CONTATOR
A10: TENSÃO CCM's E QUADROS: 380 V | J10: 3 - PARTIDA COM INVERSOR DE FREQUÊNCIA
A11: POTÊNCIA DO TRANSFORMADOR: 1000 kVA | J11: 4 - PARTIDA COM SOFT STARTER
A12: NÍVEL DE CURTO-CIRCUITO: 23.3 kA | J12: 5 - DISJUNTOR TERMOMAGNÉTICO (ALIMENTADOR)
J13: 6 - PARTIDA COM INVERSOR DE FREQUÊNCIA / REVERSÃO
J14: 7 - PARTIDA COM INVERSOR DE FREQUÊNCIA / REVERSÃO / FREIO
A16: ITEM | B16: PAINEL | C16: SISTEMA | D16: DESCRIÇÃO | E16: TAG | F16: TENSÃO | G16: Nº DE FASES | H16: TIPO DE PARTIDA | I16: POTÊNCIA (Hp) | J16: POTÊNCIA ATIVA NOMINAL (kW) | K16: POTÊNCIA ATIVA NOMINAL INSTALADA (kW) | L16: POTÊNCIA ATIVA CORRIGIDA (kW) | M16: POTÊNCIA REATIVA (kVAr) | N16: POTÊNCIA APARENTE (kVA) | O16: RENDIMENTO | P16: FATOR DE POTÊNCIA | Q16: CORRENTE NOMINAL (A) | R16: FATOR DE DEMANDA | S16: POTÊNCIA ATIVA DEMANDADA (kW) | T16: POTENCIA REATIVA DEMANDADA (kVAr) | U16: POTÊNCIA APARENTE DEMANDADA (kVA) | V16: CORRENTE NOMINAL DEMANDADA (A) | W16: DISPOSITIVO DE PROTEÇÃO (A) | X16: CONDUTOR | Y16: CARREGAMENTO (%) | Z16: OBSERVAÇÕES | AB16: FATOR DE UTILIZAÇÃO | AC16: EFICIÊNCIA
A17: 0 | B17: CCM-001 | C17: Preparação do Produto | D17: Inversor de palete | E17: INVP-00001 | F17: 380 | G17: 3 | H17: 5 | I17: =ROUNDDOWN(J17/0.7457,2) -> 5.36 | J17: 4 | K17: 4 | L17: =(J17/AC17)*AB17 -> 4 | M17: =SQRT((N17^2)-(L17^2)) -> 2.89595 | N17: =L17/P17 -> 4.9382716 | O17: 88.5 | P17: 0.81 | Q17: =IF((((G17=3))),(N17*1000)/((SQRT(3)*F17)),(IF(((G17=1)),(N17*1000)/((F17)),(IF(((G17=2)),(N17*1000)/((F17)),0))))) -> 7.5029275 | R17: 0.6 | S17: =L17*R17 -> 2.4 | T17: =M17*R17 -> 1.73757 | U17: =N17*R17 -> 2.962963 | V17: =U17*1000/(380*SQRT(3)) -> 4.5017565 | W17: 6.3, Reg.:4.9 | X17: 1x(5x2.5mm²) | Y17: =U17/1000 -> 0.002962963 | Z17: Conforme Diagrama Unifilar | AB17: 1 | AC17: 1
A18: 1 | B18: CCM-001 | C18: Preparação do Produto | D18: Quebrador de palete | E18: QBPL-01001 | F18: 380 | G18: 3 | H18: 7 | I18: =ROUNDDOWN(J18/0.7457,2) -> 10.05 | J18: 7.5 | K18: 7.5 | L18: =(J18/AC18)*AB18 -> 8.3333333 | M18: =SQRT((N18^2)-(L18^2)) -> 5.600034 | N18: =L18/P18 -> 10.040161 | O18: 90 | P18: 0.83 | Q18: =IF((((G18=3))),(N18*1000)/((SQRT(3)*F18)),(IF(((G18=1)),(N18*1000)/((F18)),(IF(((G18=2)),(N18*1000)/((F18)),0))))) -> 15.254446 | R18: 0.6 | S18: =L18*R18 -> 5 | T18: =M18*R18 -> 3.3600204 | U18: =N18*R18 -> 6.0240964 | V18: =U18*1000/(380*SQRT(3)) -> 9.1526676 | W18: 10, Reg.:9.2 | X18: 1x(5x2.5mm²) | Y18: =U18/1000 -> 0.0060240964 | Z18: Conforme Diagrama Unifilar | AB18: 1 | AC18: 0.9
A19: 2 | B19: CCM-001 | C19: Preparação do Produto | D19: Motor pré-quebrador | E19: MPRQ-01002 | F19: 380 | G19: 3 | H19: 6 | I19: =ROUNDDOWN(J19/0.7457,2) -> 73.75 | J19: 55 | K19: 55 | L19: =(J19/AC19)*AB19 -> 58.448459 | M19: =SQRT((N19^2)-(L19^2)) -> 28.307881 | N19: =L19/P19 -> 64.942732 | O19: 94.1 | P19: 0.9 | Q19: =IF((((G19=3))),(N19*1000)/((SQRT(3)*F19)),(IF(((G19=1)),(N19*1000)/((F19)),(IF(((G19=2)),(N19*1000)/((F19)),0))))) -> 98.670274 | R19: 0.6 | S19: =L19*R19 -> 35.069075 | T19: =M19*R19 -> 16.984728 | U19: =N19*R19 -> 38.965639 | V19: =U19*1000/(380*SQRT(3)) -> 59.202164 | W19: 63, Reg.:63 | X19: 1x(4x10mm²)+1x(1x10mm²) | Y19: =U19/1000 -> 0.038965639 | Z19: Conforme Diagrama Unifilar | AB19: 1 | AC19: 0.941
A20: 3 | B20: CCM-001 | C20: Preparação do Produto | D20: Motor pré-quebrador | E20: MPRQ-01003 | F20: 380 | G20: 3 | H20: 6 | I20: =ROUNDDOWN(J20/0.7457,2) -> 73.75 | J20: 55 | K20: 55 | L20: =(J20/AC20)*AB20 -> 58.448459 | M20: =SQRT((N20^2)-(L20^2)) -> 28.307881 | N20: =L20/P20 -> 64.942732 | O20: 94.1 | P20: 0.9 | Q20: =IF((((G20=3))),(N20*1000)/((SQRT(3)*F20)),(IF(((G20=1)),(N20*1000)/((F20)),(IF(((G20=2)),(N20*1000)/((F20)),0))))) -> 98.670274 | R20: 0.6 | S20: =L20*R20 -> 35.069075 | T20: =M20*R20 -> 16.984728 | U20: =N20*R20 -> 38.965639 | V20: =U20*1000/(380*SQRT(3)) -> 59.202164 | W20: 63, Reg.:63 | X20: 1x(4x10mm²)+1x(1x10mm²) | Y20: =U20/1000 -> 0.038965639 | Z20: Conforme Diagrama Unifilar | AB20: 1 | AC20: 0.941
A21: 4 | B21: CCM-001 | C21: Preparação do Produto | D21: Motor rosca inclinada | E21: MRIQ-01004 | F21: 380 | G21: 3 | H21: 3 | I21: =ROUNDDOWN(J21/0.7457,2) -> 10.05 | J21: 7.5 | K21: 7.5 | L21: =(J21/AC21)*AB21 -> 8.3333333 | M21: =SQRT((N21^2)-(L21^2)) -> 5.600034 | N21: =L21/P21 -> 10.040161 | O21: 90 | P21: 0.83 | Q21: =IF((((G21=3))),(N21*1000)/((SQRT(3)*F21)),(IF(((G21=1)),(N21*1000)/((F21)),(IF(((G21=2)),(N21*1000)/((F21)),0))))) -> 15.254446 | R21: 0.6 | S21: =L21*R21 -> 5 | T21: =M21*R21 -> 3.3600204 | U21: =N21*R21 -> 6.0240964 | V21: =U21*1000/(380*SQRT(3)) -> 9.1526676 | W21: 10, Reg.:9.2 | X21: 1x(5x2.5mm²) | Y21: =U21/1000 -> 0.0060240964 | Z21: Conforme Diagrama Unifilar | AB21: 1 | AC21: 0.9
A22: 5 | B22: CCM-001 | C22: Preparação do Produto | D22: Motor rosca inclinada | E22: MRIQ-01005 | F22: 380 | G22: 3 | H22: 3 | I22: =ROUNDDOWN(J22/0.7457,2) -> 10.05 | J22: 7.5 | K22: 7.5 | L22: =(J22/AC22)*AB22 -> 8.3333333 | M22: =SQRT((N22^2)-(L22^2)) -> 5.600034 | N22: =L22/P22 -> 10.040161 | O22: 90 | P22: 0.83 | Q22: =IF((((G22=3))),(N22*1000)/((SQRT(3)*F22)),(IF(((G22=1)),(N22*1000)/((F22)),(IF(((G22=2)),(N22*1000)/((F22)),0))))) -> 15.254446 | R22: 0.6 | S22: =L22*R22 -> 5 | T22: =M22*R22 -> 3.3600204 | U22: =N22*R22 -> 6.0240964 | V22: =U22*1000/(380*SQRT(3)) -> 9.1526676 | W22: 10, Reg.:9.2 | X22: 1x(5x4mm²) | Y22: =U22/1000 -> 0.0060240964 | Z22: Conforme Diagrama Unifilar | AB22: 1 | AC22: 0.9
A23: 6 | B23: CCM-001 | C23: Preparação do Produto | D23: Transportador de correia | E23: TRCO-01006 | F23: 380 | G23: 3 | H23: 6 | I23: =ROUNDDOWN(J23/0.7457,2) -> 2.95 | J23: 2.2 | K23: 2.2 | L23: =(J23/AC23)*AB23 -> 2.5851939 | M23: =SQRT((N23^2)-(L23^2)) -> 2.0063292 | N23: =L23/P23 -> 3.2723973 | O23: 85.1 | P23: 0.79 | Q23: =IF((((G23=3))),(N23*1000)/((SQRT(3)*F23)),(IF(((G23=1)),(N23*1000)/((F23)),(IF(((G23=2)),(N23*1000)/((F23)),0))))) -> 4.9718934 | R23: 0.6 | S23: =L23*R23 -> 1.5511163 | T23: =M23*R23 -> 1.2037975 | U23: =N23*R23 -> 1.9634384 | V23: =U23*1000/(380*SQRT(3)) -> 2.983136 | W23: 3.2, Reg.:3 | X23: 1x(5x2.5mm²) | Y23: =U23/1000 -> 0.0019634384 | Z23: Conforme Diagrama Unifilar | AB23: 1 | AC23: 0.851
A24: 7 | B24: CCM-001 | C24: Preparação do Produto | D24: Motor transportador de correia | E24: MTCO-01007 | F24: 380 | G24: 3 | H24: 6 | I24: =ROUNDDOWN(J24/0.7457,2) -> 2.95 | J24: 2.2 | K24: 2.2 | L24: =(J24/AC24)*AB24 -> 2.5851939 | M24: =SQRT((N24^2)-(L24^2)) -> 2.0063292 | N24: =L24/P24 -> 3.2723973 | O24: 85.1 | P24: 0.79 | Q24: =IF((((G24=3))),(N24*1000)/((SQRT(3)*F24)),(IF(((G24=1)),(N24*1000)/((F24)),(IF(((G24=2)),(N24*1000)/((F24)),0))))) -> 4.9718934 | R24: 0.6 | S24: =L24*R24 -> 1.5511163 | T24: =M24*R24 -> 1.2037975 | U24: =N24*R24 -> 1.9634384 | V24: =U24*1000/(380*SQRT(3)) -> 2.983136 | W24: 3.2, Reg.:3 | X24: 1x(5x2.5mm²) | Y24: =U24/1000 -> 0.0019634384 | Z24: Conforme Diagrama Unifilar | AB24: 1 | AC24: 0.851
A25: 8 | B25: CCM-001 | C25: Preparação do Produto | D25: Detector de metais | E25: DTMT-01008 | F25: 220 | G25: 1 | H25: 5 | I25: =ROUNDDOWN(J25/0.7457,2) -> 0.13 | J25: 0.1 | K25: 0.1 | L25: =(J25/AC25)*AB25 -> 0.1 | M25: =SQRT((N25^2)-(L25^2)) -> 0.10782531 | N25: =L25/P25 -> 0.14705882 | O25: 82.7 | P25: 0.68 | Q25: =IF((((G25=3))),(N25*1000)/((SQRT(3)*F25)),(IF(((G25=1)),(N25*1000)/((F25)),(IF(((G25=2)),(N25*1000)/((F25)),0))))) -> 0.6684492 | R25: 0.6 | S25: =L25*R25 -> 0.06 | T25: =M25*R25 -> 0.064695186 | U25: =N25*R25 -> 0.088235294 | V25: =U25*1000/(380*SQRT(3)) -> 0.13405966 | W25: 2.5, Reg.:1.5 | X25: 1x(3x2.5mm²) | Y25: =U25/1000 -> 8.8235294e-05 | Z25: Conforme Diagrama Unifilar | AB25: 1 | AC25: 1
A26: 9 | B26: CCM-001 | C26: Preparação do Produto | D26: Transportador de correia | E26: TRCO-01009 | F26: 380 | G26: 3 | H26: 6 | I26: =ROUNDDOWN(J26/0.7457,2) -> 2.95 | J26: 2.2 | K26: 2.2 | L26: =(J26/AC26)*AB26 -> 2.5851939 | M26: =SQRT((N26^2)-(L26^2)) -> 2.0063292 | N26: =L26/P26 -> 3.2723973 | O26: 85.1 | P26: 0.79 | Q26: =IF((((G26=3))),(N26*1000)/((SQRT(3)*F26)),(IF(((G26=1)),(N26*1000)/((F26)),(IF(((G26=2)),(N26*1000)/((F26)),0))))) -> 4.9718934 | R26: 0.6 | S26: =L26*R26 -> 1.5511163 | T26: =M26*R26 -> 1.2037975 | U26: =N26*R26 -> 1.9634384 | V26: =U26*1000/(380*SQRT(3)) -> 2.983136 | W26: 3.2, Reg.:3 | X26: 1x(5x2.5mm²) | Y26: =U26/1000 -> 0.0019634384 | Z26: Conforme Diagrama Unifilar | AB26: 1 | AC26: 0.851
A27: 10 | B27: CCM-001 | C27: Preparação do Produto | D27: Motor transportador de correia | E27: MTCO-01010 | F27: 380 | G27: 3 | H27: 6 | I27: =ROUNDDOWN(J27/0.7457,2) -> 2.95 | J27: 2.2 | K27: 2.2 | L27: =(J27/AC27)*AB27 -> 2.5851939 | M27: =SQRT((N27^2)-(L27^2)) -> 2.0063292 | N27: =L27/P27 -> 3.2723973 | O27: 85.1 | P27: 0.79 | Q27: =IF((((G27=3))),(N27*1000)/((SQRT(3)*F27)),(IF(((G27=1)),(N27*1000)/((F27)),(IF(((G27=2)),(N27*1000)/((F27)),0))))) -> 4.9718934 | R27: 0.6 | S27: =L27*R27 -> 1.5511163 | T27: =M27*R27 -> 1.2037975 | U27: =N27*R27 -> 1.9634384 | V27: =U27*1000/(380*SQRT(3)) -> 2.983136 | W27: 3.2, Reg.:3 | X27: 1x(5x2.5mm²) | Y27: =U27/1000 -> 0.0019634384 | Z27: Conforme Diagrama Unifilar | AB27: 1 | AC27: 0.851
A28: 11 | B28: CCM-001 | C28: Estação de Recebimento | D28: Bomba de rosca | E28: BMRS-10002 | F28: 380 | G28: 3 | H28: 3 | I28: =ROUNDDOWN(J28/0.7457,2) -> 7.37 | J28: 5.5 | K28: 5.5 | L28: =(J28/AC28)*AB28 -> 6.1452514 | M28: =SQRT((N28^2)-(L28^2)) -> 4.4490852 | N28: =L28/P28 -> 7.5867301 | O28: 89.5 | P28: 0.81 | Q28: =IF((((G28=3))),(N28*1000)/((SQRT(3)*F28)),(IF(((G28=1)),(N28*1000)/((F28)),(IF(((G28=2)),(N28*1000)/((F28)),0))))) -> 11.526844 | R28: 0.6 | S28: =L28*R28 -> 3.6871508 | T28: =M28*R28 -> 2.6694511 | U28: =N28*R28 -> 4.5520381 | V28: =U28*1000/(380*SQRT(3)) -> 6.9161063 | W28: 8, Reg.:7.2 | X28: 1x(5x2.5mm²) | Y28: =U28/1000 -> 0.0045520381 | Z28: Conforme Diagrama Unifilar | AB28: 1 | AC28: 0.895
... A129: 112 | B129: CCM-006 | C129: Torre mistura produto | D129: Ventilador misturador | E129: VTMS-64007 | F129: 380 | G129: 3 | H129: 3 | I129: =ROUNDDOWN(J129/0.7457,2) -> 0.24 | J129: 0.18 | K129: 0.18 | L129: =(J129/AC129)*AB129 -> 0.21765417 | M129: =SQRT((N129^2)-(L129^2)) -> 0.23468629 | N129: =L129/P129 -> 0.32007966 | O129: 82.7 | P129: 0.68 | Q129: =IF((((G129=3))),(N129*1000)/((SQRT(3)*F129)),(IF(((G129=1)),(N129*1000)/((F129)),(IF(((G129=2)),(N129*1000)/((F129)),0))))) -> 0.48631074 | R129: 0.6 | S129: =L129*R129 -> 0.1305925 | T129: =M129*R129 -> 0.14081177 | U129: =N129*R129 -> 0.1920478 | V129: =U129*1000/(380*SQRT(3)) -> 0.29178644 | W129: 2.5, Reg.:1.5 | X129: 1x(5x2.5mm²) | Y129: =U129/1000 -> 0.0001920478 | Z129: Conforme Diagrama Unifilar | AB129: 1 | AC129: 0.827
E130: TOTAL SEM RESERVA | I130: =ROUNDUP(J130/0.7457,1) -> 1776.4 | J130: =SUM(J17:J129) -> 1324.65 | K130: =SUM(K17:K129) -> 1324.6 | L130: =SUM(L17:L129) -> 1421.3707 | M130: =SUM(M17:M129) -> 824.31168 | N130: =(SQRT((L130^2)+(M130^2))) -> 1643.1021 | O130: - | P130: =S130/U130 -> 0.8650532 | Q130: =SUM(Q17:Q129) -> 2504.1755 | R130: - | S130: =SUM(S17:S129) -> 852.82242 | T130: =SUM(T17:T129) -> 494.58701 | U130: =(SQRT((S130^2)+(T130^2))) -> 985.86125 | V130: =U130*1000/(380*SQRT(3)) -> 1497.8612 | W130: 1600 | X130: 4x(4x185mm²)+4x(1x95mm²) | Y130: =SUM(Y17:Y129) -> 0.98874214 | Z130: 1000
E131: RESERVA | H131: 0.1 | I131: =I130*$H$131 -> 177.64 | J131: =J130*$H$131 -> 132.465 | K131: =K130*$H$131 -> 132.46 | L131: =L130*$H$131 -> 142.13707 | M131: =M130*$H$131 -> 82.431168 | N131: =N130*$H$131 -> 164.31021 | O131: - | P131: =S131/U131 -> 0.8650532 | Q131: =Q130*$H$131 -> 250.41755 | R131: - | S131: =S130*$H$131 -> 85.282242 | T131: =T130*$H$131 -> 49.458701 | U131: =U130*$H$131 -> 98.586125 | V131: =V130*$H$131 -> 149.78612
I132: POTÊNCIA (HP) | J132: POTÊNCIA ATIVA NOMINAL (kW) | K132: POTÊNCIA ATIVA NOMINAL INSTALADA (kW) | L132: POTÊNCIA ATIVA CORRIGIDA (kW) | M132: POTÊNCIA REATIVA (kVAr) | N132: POTÊNCIA APARENTE (kVA) | O132: RENDIMENTO | P132: FATOR DE POTÊNCIA | Q132: CORRENTE NOMINAL (A) | R132: FATOR DE DEMANDA | S132: POTÊNCIA ATIVA DEMANDADA (kW) | T132: POTENCIA REATIVA DEMANDADA (kVAr) | U132: POTÊNCIA APARENTE DEMANDADA (kVA) | V132: CORRENTE NOMINAL DEMANDADA (A) | W132: DISJUNTOR GERAL | X132: CABO DE ALIMENTAÇÃO DO QGBT | Y132: CARREGAMENTO (%) | Z132: TRAFO (kVA)

Sheet Resumo LC
A1: LISTA RESUMIDA DE CARGAS
A3: CLIENTE: FUNDAÇÃO HERMÍNIO OMETTO | L3: DATA: 10/05/2025
A4: PROJETO: PBC-001-25E-0001 | L4: REVISÃO: 1
A7: INFORMAÇÕES COMPLEMENTARES | E7: TIPOS DE PARTIDA
A8: PAINEL DE MÉDIA TENSÃO: SE01-PMT-001 | E8: 1 - PARTIDA DIRETA COM RELÉ ELETRÔNICO DE SOBRECARGA.
A9: PAINEL DE BAIXA TENSÃO: QGBT-001 | E9: 2 - PARTIDA DIRETA COM CONTATOR
A10: TENSÃO CCM's E QUADROS: 380 V | E10: 3 - PARTIDA COM INVERSOR DE FREQUÊNCIA
A11: POTÊNCIA DO TRANSFORMADOR: 1000 kVA | E11: 4 - PARTIDA COM SOFT STARTER
A12: NÍVEL DE CURTO-CIRCUITO: 23.3 kA | E12: 5 - DISJUNTOR TERMOMAGNÉTICO (ALIMENTADOR)
E13: 6 - PARTIDA COM INVERSOR DE FREQUÊNCIA / REVERSÃO
E14: 7 - PARTIDA COM INVERSOR DE FREQUÊNCIA / REVERSÃO / FREIO
A16: PAINEL | B16: POTÊNCIA (Hp) | C16: RENDIMENTO MÉDIO | D16: FATOR DE POTÊNCIA | E16: FATOR DE DEMANDA | F16: POTÊNCIA ATIVA DEMANDADA (kW) | G16: POTENCIA REATIVA DEMANDADA (kVAr) | H16: POTÊNCIA APARENTE DEMANDADA (kVA) | I16: CORRENTE NOMINAL DEMANDADA (A) | J16: DISPOSITIVO DE PROTEÇÃO (A) | K16: CONDUTOR | L16: CARREGAMENTO (%) | M16: OBSERVAÇÕES
A17: CCM-001 | B17: =SUM('Lista de Carga'!$I$17:$I$29) -> 208.34 | C17: =AVERAGE('Lista de Carga'!$O$17:$O$29) -> 88.292308 | D17: =F17/H17 -> 0.87254361 | E17: =AVERAGE('Lista de Carga'!$R$17:$R$29) -> 0.6 | F17: =SUM('Lista de Carga'!$S$17:$S$29) -> 100.54061 | G17: =SUM('Lista de Carga'!$T$17:$T$29) -> 55.5452 | H17: =SUM('Lista de Carga'!U17:U29) -> 115.22704 | I17: =SUM('Lista de Carga'!V17:V29) -> 175.06937 | J17: 200, Reg.:180 | K17: 1x(4x70mm²)+1x(1x50mm²) | L17: =SUM('Lista de Carga'!Y17:Y29) -> 0.11522704 | M17: Conforme Diagrama Unifilar
A18: CCM-002 | B18: =SUM('Lista de Carga'!$I$30:$I$39) -> 858.62 | C18: =AVERAGE('Lista de Carga'!$O$30:$O$39) -> 89.3 | D18: =F18/H18 -> 0.86768749 | E18: =AVERAGE('Lista de Carga'!$R$30:$R$39) -> 0.6 | F18: =SUM('Lista de Carga'!$S$30:$S$39) -> 406.24125 | G18: =SUM('Lista de Carga'!$T$30:$T$39) -> 232.25349 | H18: =SUM('Lista de Carga'!$U$30:$U$39) -> 468.18843 | I18: =SUM('Lista de Carga'!$V$30:$V$39) -> 711.33873 | J18: 800, Reg.:720 | K18: 2x(4x240mm²)+1x(1x240mm²) | L18: =SUM('Lista de Carga'!$Y$30:$Y$39) -> 0.46818843 | M18: Conforme Diagrama Unifilar
A19: CCM-003 | B19: =SUM('Lista de Carga'!$I$40:$I$57) -> 57.26 | C19: =AVERAGE('Lista de Carga'!$O$40:$O$57) -> 84.405556 | D19: =F19/H19 -> 0.82492684 | E19: =AVERAGE('Lista de Carga'!$R$40:$R$57) -> 0.6 | F19: =SUM('Lista de Carga'!$S$40:$S$57) -> 28.125605 | G19: =SUM('Lista de Carga'!$T$40:$T$57) -> 18.893821 | H19: =SUM('Lista de Carga'!$U$40:$U$57) -> 34.094666 | I19: =SUM('Lista de Carga'!$V$40:$V$57) -> 51.801486 | J19: 63, Reg.:54 | K19: 1x(4x16mm²)+1x(1x16mm²) | L19: =SUM('Lista de Carga'!$Y$40:$Y$57) -> 0.034094666 | M19: Conforme Diagrama Unifilar
A20: CCM-004 | B20: =SUM('Lista de Carga'!$I$58:$I$75) -> 236.95 | C20: =AVERAGE('Lista de Carga'!$O$58:$O$75) -> 88.505556 | D20: =F20/H20 -> 0.87066387 | E20: =AVERAGE('Lista de Carga'!$R$58:$R$75) -> 0.6 | F20: =SUM('Lista de Carga'!$S$58:$S$75) -> 115.74902 | G20: =SUM('Lista de Carga'!$T$58:$T$75) -> 64.966756 | H20: =SUM('Lista de Carga'!$U$58:$U$75) -> 132.9434 | I20: =SUM('Lista de Carga'!$V$58:$V$75) -> 201.98661 | J20: 250, Reg.:225 | K20: 1x(4x95mm²)+1x(1x70mm²) | L20: =SUM('Lista de Carga'!$Y$58:$Y$75) -> 0.1329434 | M20: Conforme Diagrama Unifilar
A21: CCM-005 | B21: =SUM('Lista de Carga'!$I$76:$I$79) -> 123.88 | C21: =AVERAGE('Lista de Carga'!$O$76:$O$79) -> 92 | D21: =F21/H21 -> 0.88255351 | E21: =AVERAGE('Lista de Carga'!$R$76:$R$79) -> 0.6 | F21: =SUM('Lista de Carga'!$S$76:$S$79) -> 59.873804 | G21: =SUM('Lista de Carga'!$T$76:$T$79) -> 31.590571 | H21: =SUM('Lista de Carga'!$U$76:$U$79) -> 67.841556 | I21: =SUM('Lista de Carga'!$V$76:$V$79) -> 103.07458 | J21: 125, Reg.:108 | K21: 1x(4x25mm²)+1x(1x25mm²) | L21: =SUM('Lista de Carga'!$Y$76:$Y$79) -> 0.067841556 | M21: Conforme Diagrama Unifilar
A22: CCM-006 | B22: =SUM('Lista de Carga'!$I$80:$I$129) -> 290.86 | C22: =AVERAGE('Lista de Carga'!$O$80:$O$129) -> 85.134 | D22: =F22/H22 -> 0.83481724 | E22: =AVERAGE('Lista de Carga'!$R$80:$R$129) -> 0.6 | F22: =SUM('Lista de Carga'!$S$80:$S$129) -> 142.29213 | G22: =SUM('Lista de Carga'!$T$80:$T$129) -> 91.337172 | H22: =SUM('Lista de Carga'!$U$80:$U$129) -> 170.44705 | I22: =SUM('Lista de Carga'!$V$80:$V$129) -> 258.96749 | J22: 320, Reg.:260 | K22: 1x(4x120mm²)+1x(1x95mm²) | L22: =SUM('Lista de Carga'!$Y$80:$Y$129) -> 0.17044705 | M22: Conforme Diagrama Unifilar
A23: TOTAL SEM RESERVA | B23: =SUM(B17:B22) -> 1775.91 | C23: - | D23: =F23/H23 -> 0.8650532 | E23: - | F23: =SUM(F17:F22) -> 852.82242 | G23: =SUM(G17:G22) -> 494.58701 | H23: =(SQRT((F23^2)+(G23^2))) -> 985.86125 | I23: =H23*1000/(380*SQRT(3)) -> 1497.8612 | J23: 1600 | K23: 4x(4x185mm²)+4x(1x95mm²) | L23: =SUM(L17:L22) -> 0.98874214 | M23: -

Sheet Lista de Equipamentos
A1: Revisão | D1: Tag No. | Q1: Capacidade 01 | R1: Unidades 01 | S1: Capacidade 02 | T1: Unidades 02 | U1: Capacidade 03 | V1: Unidades 03 | X1: Dimensão AxLxP (mm) | Y1: Peso (kg) | Z1: Material | AA1: Novo(N) Futuro (F) Existente (E) | AD1: Dados Elétricos | AK1: Automação | AM1: Referências | AP1: CS | AT1: PS | AX1: WFI | BB1: PW | BE1: PTW | BH1: DW | BK1: CHW | BN1: PA | BR1: CA | BV1: O2 | BZ1: N2 | CD1: GN | CH1: RW | CK1: PWW | CN1: Dia 1 | DL1: Dia 2 | EJ1: Dia 3 | FH1: Dia 4 | GF1: Dia 5 | HD1: Dia 6 | IB1: Dia 7
B2: SUBESTAÇÃO (WET / DAD) | D2: Área | E2: Número da área | F2: Célula de processo | G2: Número da célula de processo | H2: Tipo de equipamento | I2: Unidade de processo | J2: Subunidade de processo | K2: Linha 1 / Linha 2 | L2: Sequencial | N2: Sala | O2: Sistema | P2: Descrição / Função | W2: Filtragem | AB2: Especificação / Folha de Dados | AC2: P&ID | AD2: Pot.Nominal (kW) | AE2: Tensão (V) | AF2: N° de Fases | AG2: Frequência (Hz) | AH2: Alimentação Emergência (GE/NB) | AI2: Painel (P) CCM (D) Tomada (T) | AJ2: Vel.Variavel (S/N) | AK2: Controle (C) Monitoramento (M) | AL2: Sinal Discreto (D) Analógico (A) | AM2: Fabricante | AN2: Modelo | AO2: Notas | AP2: Status | AQ2: CS Vazão Pico (kg/h) | AR2: CS Duração (min) | AS2: CS Consumo (kg) | AT2: PS Pressão (barg) | AU2: PS Vazão Pico (kg/h) | AV2: PS Duração (min) | AW2: PS Consumo (kg) | AX2: WFI Vazão Pico (m³/h) | AY2: WFI Duração (min) | AZ2: WFI Consumo (m³) | BA2: WFI Quente (Q) / Frio (F) | BB2: PW Vazão Pico (m³/h) | BC2: PW Duração (min) | BD2: PW Consumo (m³) | BE2: PTW Vazão Pico (m³/h) | BF2: PTW Duração (min) | BG2: PTW Consumo (m³) | BH2: DW Vazão Pico (m³/h) | BI2: DW Duração (min) | BJ2: DW Consumo (m³) | BK2: CHW Vazão Pico (m³/h) | BL2: CHW Duração (min) | BM2: CHW Consumo (m³) | BN2: PA Pressão (barg) | BO2: PA Vazão Pico (Nm³/h) | BP2: PA Duração (min) | BQ2: PA Consumo (Nm³) | BR2: CA Pressão (barg) | BS2: CA Vazão Pico (Nm³/h) | BT2: CA Duração (min) | BU2: CA Consumo (Nm³) | BV2: O2 Pressão (barg) | BW2: O2 Vazão Pico (Nm³/h) | BX2: O2 Duração (min) | BY2: O2 Consumo (Nm³) | BZ2: N2 Pressão (barg) | CA2: N2 Vazão Pico (Nm³/h) | CB2: N2 Duração (min) | CC2: N2 Consumo (Nm³) | CD2: GN Pressão (barg) | CE2: GN Vazão Pico (kg/h) | CF2: GN Duração (min) | CG2: GN Consumo (kg) | CH2: RW Vazão Pico (m³/h) | CI2: RW Duração (min) | CJ2: RW Consumo (m³) | CK2: PWW Vazão Pico (m³/h) | CL2: PWW Duração (min) | CM2: PWW Coleta (m³) | CN2: 0 | CO2: 1 | CP2: 2 | CQ2: 3 | CR2: 4 | CS2: 5 | CT2: 6 | CU2: 7 | CV2: 8 | CW2: 9 | CX2: 10 | CY2: 11 | CZ2: 12 | DA2: 13 | DB2: 14 | DC2: 15 | DD2: 16 | DE2: 17 | DF2: 18 | DG2: 19 | DH2: 20 | DI2: 21 | DJ2: 22 | DK2: 23 | DL2: 0 | DM2: 1 | DN2: 2 | DO2: 3 | DP2: 4 | DQ2: 5 | DR2: 6 | DS2: 7 | DT2: 8 | DU2: 9 | DV2: 10 | DW2: 11 | DX2: 12 | DY2: 13 | DZ2: 14 | EA2: 15 | EB2: 16 | EC2: 17 | ED2: 18 | EE2: 19 | EF2: 20 | EG2: 21 | EH2: 22 | EI2: 23 | EJ2: 0 | EK2: 1 | EL2: 2 | EM2: 3 | EN2: 4 | EO2: 5 | EP2: 6 | EQ2: 7 | ER2: 8 | ES2: 9 | ET2: 10 | EU2: 11 | EV2: 12 | EW2: 13 | EX2: 14 | EY2: 15 | EZ2: 16 | FA2: 17 | FB2: 18 | FC2: 19 | FD2: 20 | FE2: 21 | FF2: 22 | FG2: 23 | FH2: 0 | FI2: 1 | FJ2: 2 | FK2: 3 | FL2: 4 | FM2: 5 | FN2: 6 | FO2: 7 | FP2: 8 | FQ2: 9 | FR2: 10 | FS2: 11 | FT2: 12 | FU2: 13 | FV2: 14 | FW2: 15 | FX2: 16 | FY2: 17 | FZ2: 18 | GA2: 19 | GB2: 20 | GC2: 21 | GD2: 22 | GE2: 23 | GF2: 0 | GG2: 1 | GH2: 2 | GI2: 3 | GJ2: 4 | GK2: 5 | GL2: 6 | GM2: 7 | GN2: 8 | GO2: 9 | GP2: 10 | GQ2: 11 | GR2: 12 | GS2: 13 | GT2: 14 | GU2: 15 | GV2: 16 | GW2: 17 | GX2: 18 | GY2: 19 | GZ2: 20 | HA2: 21 | HB2: 22 | HC2: 23 | HD2: 0 | HE2: 1 | HF2: 2 | HG2: 3 | HH2: 4 | HI2: 5 | HJ2: 6 | HK2: 7 | HL2: 8 | HM2: 9 | HN2: 10 | HO2: 11 | HP2: 12 | HQ2: 13 | HR2: 14 | HS2: 15 | HT2: 16 | HU2: 17 | HV2: 18 | HW2: 19 | HX2: 20 | HY2: 21 | HZ2: 22 | IA2: 23 | IB2: 0 | IC2: 1 | ID2: 2 | IE2: 3 | IF2: 4 | IG2: 5 | IH2: 6 | II2: 7 | IJ2: 8 | IK2: 9 | IL2: 10 | IM2: 11 | IN2: 12 | IO2: 13 | IP2: 14 | IQ2: 15 | IR2: 16 | IS2: 17 | IT2: 18 | IU2: 19 | IV2: 20 | IW2: 21 | IX2: 22 | IY2: 23
A3: 0 | D3: WET | E3: 1 | F3: CEU | G3: 1 | H3: PUMP | I3: 2 | J3: 1 | K3: 1 | L3: 001 | O3: Geração - Água de Processo | P3: Bomba | Q3: 90 | R3: m³/h | S3: 600 | T3: mca | AA3: N | AB3: - | AC3: 9999-1002-67-502-001 | AD3: Hold | AE3: Hold | AF3: Hold | AG3: Hold | AH3: Hold | AI3: Hold | AJ3: Hold | AK3: Hold | AL3: Hold | AM3: Hold | AN3: Hold
A4: 0 | D4: WET | E4: 1 | F4: CEU | G4: 1 | H4: PUMP | I4: 2 | J4: 1 | K4: 1 | L4: 014 | O4: Geração - Água de Processo | P4: Bomba de Cloro | Q4: Hold | R4: Hold | S4: Hold | T4: Hold | AA4: N | AB4: - | AC4: 9999-1002-67-502-001 | AD4: Hold | AE4: Hold | AF4: Hold | AG4: Hold | AH4: Hold | AI4: Hold | AJ4: Hold | AK4: Hold | AL4: Hold | AM4: Hold | AN4: Hold
A5: 0 | D5: WET | E5: 1 | F5: CEU | G5: 1 | H5: PUMP | I5: 2 | J5: 1 | K5: 1 | L5: 015 | O5: Geração - Água de Processo | P5: Bomba | Q5: 90 | R5: m³/h | AA5: N | AB5: - | AC5: 9999-1002-67-502-001 | AD5: Hold | AE5: Hold | AF5: Hold | AG5: Hold | AH5: Hold | AI5: Hold | AJ5: Hold | AK5: Hold | AL5: Hold | AM5: Hold | AN5: Hold
A6: 0 | D6: WET | E6: 1 | F6: CEU | G6: 1 | H6: PUMP | I6: 2 | J6: 1 | K6: 1 | L6: 016 | O6: Geração - Água de Processo | P6: Bomba | Q6: 90 | R6: m³/h | AA6: N | AB6: - | AC6: 9999-1002-67-502-001 | AD6: Hold | AE6: Hold | AF6: Hold | AG6: Hold | AH6: Hold | AI6: Hold | AJ6: Hold | AK6: Hold | AL6: Hold | AM6: Hold | AN6: Hold
A7: 0 | D7: WET | E7: 1 | F7: CEU | G7: 1 | H7: PUMP | I7: 2 | J7: 1 | K7: 1 | L7: 004 | O7: Geração - Água de Processo | P7: FP Bomba | Q7: Hold | R7: Hold | S7: Hold | T7: Hold | AA7: N | AB7: - | AC7: 9999-1002-67-502-001 | AD7: Hold | AE7: Hold | AF7: Hold | AG7: Hold | AH7: Hold | AI7: Hold | AJ7: Hold | AK7: Hold | AL7: Hold | AM7: Hold | AN7: Hold
A8: 0 | D8: WET | E8: 1 | F8: CEU | G8: 1 | H8: PUMP | I8: 2 | J8: 1 | K8: 1 | L8: 005 | O8: Geração - Água de Processo | P8: FP Bomba | Q8: Hold | R8: Hold | S8: Hold | T8: Hold | AA8: N | AB8: - | AC8: 9999-1002-67-502-001 | AD8: Hold | AE8: Hold | AF8: Hold | AG8: Hold | AH8: Hold | AI8: Hold | AJ8: Hold | AK8: Hold | AL8: Hold | AM8: Hold | AN8: Hold
A9: 0 | D9: WET | E9: 1 | F9: CEU | G9: 1 | H9: PUMP | I9: 2 | J9: 1 | K9: 1 | L9: 002 | O9: Geração - Água de Processo | P9: Ring PRW Bomba | Q9: Hold | R9: Hold | S9: Hold | T9: Hold | AA9: N | AB9: - | AC9: 9999-1002-67-502-001 | AD9: Hold | AE9: Hold | AF9: Hold | AG9: Hold | AH9: Hold | AI9: Hold | AJ9: Hold | AK9: Hold | AL9: Hold | AM9: Hold | AN9: Hold
A10: 0 | D10: WET | E10: 1 | F10: CEU | G10: 1 | H10: PUMP | I10: 2 | J10: 1 | K10: 1 | L10: 003 | O10: Geração - Água de Processo | P10: Ring PRW Bomba | Q10: Hold | R10: Hold | S10: Hold | T10: Hold | AA10: N | AB10: - | AC10: 9999-1002-67-502-001 | AD10: Hold | AE10: Hold | AF10: Hold | AG10: Hold | AH10: Hold | AI10: Hold | AJ10: Hold | AK10: Hold | AL10: Hold | AM10: Hold | AN10: Hold
A11: 0 | D11: WET | E11: 1 | F11: CEU | G11: 1 | H11: PUMP | I11: 2 | J11: 1 | K11: 1 | L11: 012 | O11: Geração - Água de Processo | P11: Bomba de Distribuição | Q11: 60 | R11: m³/h | AA11: N | AB11: - | AC11: 9999-1002-67-502-001 | AD11: Hold | AE11: Hold | AF11: Hold | AG11: Hold | AH11: Hold | AI11: Hold | AJ11: Hold | AK11: Hold | AL11: Hold | AM11: Hold | AN11: Hold
A12: 0 | D12: WET | E12: 1 | F12: CEU | G12: 1 | H12: PUMP | I12: 2 | J12: 1 | K12: 1 | L12: 013 | O12: Geração - Água de Processo | P12: Bomba de Distribuição | Q12: 60 | R12: m³/h | AA12: N | AB12: - | AC12: 9999-1002-67-502-001 | AD12: Hold | AE12: Hold | AF12: Hold | AG12: Hold | AH12: Hold | AI12: Hold | AJ12: Hold | AK12: Hold | AL12: Hold | AM12: Hold | AN12: Hold
A13: 0 | B13: DAD | D13: WET | E13: 1 | F13: CEU | G13: 1 | H13: PUMP | I13: 2 | J13: 1 | K13: 1 | L13: 008 | O13: Geração - Água de Processo | P13: PWR DAD Bomba | Q13: Hold | R13: Hold | S13: Hold | T13: Hold | AA13: N | AB13: - | AC13: 9999-1002-67-502-001 | AD13: Hold | AE13: Hold | AF13: Hold | AG13: Hold | AH13: Hold | AI13: Hold | AJ13: Hold | AK13: Hold | AL13: Hold | AM13: Hold | AN13: Hold
A14: 0 | B14: DAD | D14: WET | E14: 1 | F14: CEU | G14: 1 | H14: PUMP | I14: 2 | J14: 1 | K14: 1 | L14: 009 | O14: Geração - Água de Processo | P14: PWR DAD Bomba | Q14: Hold | R14: Hold | S14: Hold | T14: Hold | AA14: N | AB14: - | AC14: 9999-1002-67-502-001 | AD14: Hold | AE14: Hold | AF14: Hold | AG14: Hold | AH14: Hold | AI14: Hold | AJ14: Hold | AK14: Hold | AL14: Hold | AM14: Hold | AN14: Hold
A15: 0 | B15: WET | D15: WET | E15: 1 | F15: CEU | G15: 1 | H15: PUMP | I15: 2 | J15: 1 | K15: 1 | L15: 006 | O15: Geração - Água de Processo | P15: PWR WET Bomba | Q15: Hold | R15: Hold | S15: Hold | T15: Hold | AA15: N | AB15: - | AC15: 9999-1002-67-502-001 | AD15: Hold | AE15: Hold | AF15: Hold | AG15: Hold | AH15: Hold | AI15: Hold | AJ15: Hold | AK15: Hold | AL15: Hold | AM15: Hold | AN15: Hold
A16: 0 | B16: WET | D16: WET | E16: 1 | F16: CEU | G16: 1 | H16: PUMP | I16: 2 | J16: 1 | K16: 1 | L16: 007 | O16: Geração - Água de Processo | P16: PWR WET Bomba | Q16: Hold | R16: Hold | S16: Hold | T16: Hold | AA16: N | AB16: - | AC16: 9999-1002-67-502-001 | AD16: Hold | AE16: Hold | AF16: Hold | AG16: Hold | AH16: Hold | AI16: Hold | AJ16: Hold | AK16: Hold | AL16: Hold | AM16: Hold | AN16: Hold
A17: 0 | B17: WET | D17: WET | E17: 1 | F17: CEU | G17: 1 | H17: PUMP | I17: 2 | J17: 1 | K17: 1 | L17: 010 | O17: Geração - Água de Processo | P17: Bomba de Limpeza Geral | Q17: Hold | R17: Hold | S17: Hold | T17: Hold | AA17: N | AB17: - | AC17: 9999-1002-67-502-001 | AD17: Hold | AE17: Hold | AF17: Hold | AG17: Hold | AH17: Hold | AI17: Hold | AJ17: Hold | AK17: Hold | AL17: Hold | AM17: Hold | AN17: Hold
A18: 0 | D18: WET | E18: 1 | F18: CEU | G18: 1 | H18: PUMP | I18: 2 | J18: 1 | K18: 1 | L18: 011 | O18: Geração - Água de Processo | P18: Bomba de Limpeza Geral | Q18: Hold | R18: Hold | S18: Hold | T18: Hold | AA18: N | AB18: - | AC18: 9999-1002-67-502-001 | AD18: Hold | AE18: Hold | AF18: Hold | AG18: Hold | AH18: Hold | AI18: Hold | AJ18: Hold | AK18: Hold | AL18: Hold | AM18: Hold | AN18: Hold
A19: 0 | D19: WET | E19: 1 | F19: CEU | G19: 1 | H19: HX | I19: 2 | J19: 1 | K19: 1 | L19: 001 | O19: Geração - Água de Processo | P19: Trocador de calor | Q19: Hold | R19: Hold | S19: Hold | T19: Hold | AA19: N | AB19: - | AC19: 9999-1002-67-502-001 | AD19: NA | AE19: NA | AF19: NA | AG19: NA | AH19: NA | AI19: NA | AJ19: NA | AK19: NA | AL19: NA | AM19: Hold | AN19: Hold
A20: 0 | D20: WET | E20: 1 | F20: CEU | G20: 1 | H20: HX | I20: 2 | J20: 1 | K20: 1 | L20: 002 | O20: Geração - Água de Processo | P20: Trocador de calor | Q20: Hold | R20: Hold | S20: Hold | T20: Hold | AA20: N | AB20: - | AC20: 9999-1002-67-502-001 | AD20: NA | AE20: NA | AF20: NA | AG20: NA | AH20: NA | AI20: NA | AJ20: NA | AK20: NA | AL20: NA | AM20: Hold | AN20: Hold
A21: 0 | D21: WET | E21: 1 | F21: CEU | G21: 1 | H21: HX | I21: 2 | J21: 1 | K21: 1 | L21: 003 | O21: Geração - Água de Processo | P21: Trocador de calor | Q21: Hold | R21: Hold | S21: Hold | T21: Hold | AA21: N | AB21: - | AC21: 9999-1002-67-502-001 | AD21: NA | AE21: NA | AF21: NA | AG21: NA | AH21: NA | AI21: NA | AJ21: NA | AK21: NA | AL21: NA | AM21: Hold | AN21: Hold
A22: 0 | D22: WET | E22: 1 | F22: CEU | G22: 1 | H22: TANK | I22: 2 | J22: 1 | K22: 1 | L22: 001 | O22: Geração - Água de Processo | P22: Estação Elevatória | Q22: 35 | R22: m³ | AA22: N | AB22: - | AC22: 9999-1002-67-502-001 | AD22: NA | AE22: NA | AF22: NA | AG22: NA | AH22: NA | AI22: NA | AJ22: NA | AK22: NA | AL22: NA | AM22: Hold | AN22: Hold
A23: 0 | D23: WET | E23: 1 | F23: CEU | G23: 1 | H23: TANK | I23: 2 | J23: 1 | K23: 1 | L23: 002 | O23: Geração - Água de Processo | P23: Tanque de água potável | Q23: 400 | R23: m³ | AA23: N | AB23: - | AC23: 9999-1002-67-502-001 | AD23: NA | AE23: NA | AF23: NA | AG23: NA | AH23: NA | AI23: NA | AJ23: NA | AK23: NA | AL23: NA | AM23: Hold | AN23: Hold
A24: 0 | D24: WET | E24: 1 | F24: CEU | G24: 1 | H24: TANK | I24: 2 | J24: 1 | K24: 1 | L24: 003 | O24: Geração - Água de Processo | P24: Tanque de água potável | Q24: 400 | R24: m³ | AA24: N | AB24: - | AC24: 9999-1002-67-502-001 | AD24: NA | AE24: NA | AF24: NA | AG24: NA | AH24: NA | AI24: NA | AJ24: NA | AK24: NA | AL24: NA | AM24: Hold | AN24: Hold
A25: 0 | D25: WET | E25: 1 | F25: CEU | G25: 1 | H25: TANK | I25: 2 | J25: 1 | K25: 1 | L25: 004 | O25: Geração - Água de Processo | P25: WET - Tanque de água quente de processo | Q25: Hold | R25: Hold | S25: Hold | T25: Hold | AA25: N | AB25: - | AC25: 9999-1002-67-502-001 | AD25: NA | AE25: NA | AF25: NA | AG25: NA | AH25: NA | AI25: NA | AJ25: NA | AK25: NA | AL25: NA | AM25: Hold | AN25: Hold
A26: 0 | B26: WET | D26: WET | E26: 1 | F26: CEU | G26: 1 | H26: TANK | I26: 2 | J26: 1 | K26: 1 | L26: 005 | O26: Geração - Água de Processo | P26: DAD - Tanque de água quente de processo | Q26: Hold | R26: Hold | S26: Hold | T26: Hold | AA26: N | AB26: - | AC26: 9999-1002-67-502-001 | AD26: NA | AE26: NA | AF26: NA | AG26: NA | AH26: NA | AI26: NA | AJ26: NA | AK26: NA | AL26: NA | AM26: Hold | AN26: Hold
A27: 0 | B27: DAD | D27: WET | E27: 1 | F27: CEU | G27: 1 | H27: TANK | I27: 2 | J27: 1 | K27: 1 | L27: 006 | O27: Geração - Água de Processo | P27: Tanque de água quente de utilidade | Q27: Hold | R27: Hold | S27: Hold | T27: Hold | AA27: N | AB27: - | AC27: 9999-1002-67-502-001 | AD27: NA | AE27: NA | AF27: NA | AG27: NA | AH27: NA | AI27: NA | AJ27: NA | AK27: NA | AL27: NA | AM27: Hold | AN27: Hold
A28: 0 | D28: WET | E28: 1 | F28: CEU | G28: 1 | H28: TANK | I28: 2 | J28: 1 | K28: 1 | L28: 007 | O28: Geração - Água de Processo | P28: Emergency Tank | Q28: Hold | R28: Hold | S28: Hold | T28: Hold | AA28: N | AB28: - | AC28: 9999-1002-67-502-001 | AD28: NA | AE28: NA | AF28: NA | AG28: NA | AH28: NA | AI28: NA | AJ28: NA | AK28: NA | AL28: NA | AM28: Hold | AN28: Hold
A29: 0 | D29: UTI | E29: 1 | F29: HOLD | G29: 1 | H29: CHW | I29: 4 | J29: 1 | K29: 1 | L29: 110 | O29: Sistema de Água Gelada | P29: Chiller 1 | Q29: 430 | R29: m³/h | S29: 500 | T29: TR | AA29: N | AB29: 9999-1002-DSH-50U-05 | AC29: 9999-1002-67-502-004 | AD29: 373 | AE29: 380 | AF29: 3 | AG29: 60 | AH29: Hold | AI29: Hold | AJ29: Hold | AK29: Hold | AL29: Hold | AM29: MAYEKAWA MYCOM | AN29: A-4852-001
A30: 0 | D30: UTI | E30: 1 | F30: HOLD | G30: 1 | H30: CHW | I30: 4 | J30: 1 | K30: 1 | L30: 210 | O30: Sistema de Água Gelada | P30: Chiller 2 | Q30: 430 | R30: m³/h | S30: 500 | T30: TR | AA30: N | AB30: 9999-1002-DSH-50U-05 | AC30: 9999-1002-67-502-004 | AD30: 373 | AE30: 380 | AF30: 3 | AG30: 60 | AH30: Hold | AI30: Hold | AJ30: Hold | AK30: Hold | AL30: Hold | AM30: MAYEKAWA MYCOM | AN30: A-4852-001
A31: 0 | D31: UTI | E31: 1 | F31: HOLD | G31: 1 | H31: PUMP | I31: 4 | J31: 1 | K31: 1 | L31: XXX | O31: Sistema de Água Gelada | P31: Bomba | Q31: 400 | R31: m³/h | AA31: N | AB31: - | AC31: 9999-1002-67-502-004 | AD31: Hold | AE31: Hold | AF31: Hold | AG31: Hold | AH31: Hold | AI31: Hold | AJ31: Hold | AK31: Hold | AL31: Hold | AM31: Hold | AN31: Hold
A32: 0 | D32: UTI | E32: 1 | F32: HOLD | G32: 1 | H32: PUMP | I32: 4 | J32: 1 | K32: 1 | L32: XXX | O32: Sistema de Água Gelada | P32: Bomba | Q32: 400 | R32: m³/h | AA32: N | AB32: - | AC32: 9999-1002-67-502-004 | AD32: Hold | AE32: Hold | AF32: Hold | AG32: Hold | AH32: Hold | AI32: Hold | AJ32: Hold | AK32: Hold | AL32: Hold | AM32: Hold | AN32: Hold
A33: 0 | D33: UTI | E33: 1 | F33: HOLD | G33: 1 | H33: PUMP | I33: 4 | J33: 1 | K33: 1 | L33: XXX | O33: Sistema de Água Gelada | P33: Bomba | Q33: 400 | R33: m³/h | AA33: N | AB33: - | AC33: 9999-1002-67-502-004 | AD33: Hold | AE33: Hold | AF33: Hold | AG33: Hold | AH33: Hold | AI33: Hold | AJ33: Hold | AK33: Hold | AL33: Hold | AM33: Hold | AN33: Hold
A34: 0 | D34: UTI | E34: 1 | F34: HOLD | G34: 1 | H34: PUMP | I34: 4 | J34: 1 | K34: 1 | L34: XXX | O34: Sistema de Água Gelada | P34: Bomba | Q34: 400 | R34: m³/h | AA34: N | AB34: - | AC34: 9999-1002-67-502-004 | AD34: Hold | AE34: Hold | AF34: Hold | AG34: Hold | AH34: Hold | AI34: Hold | AJ34: Hold | AK34: Hold | AL34: Hold | AM34: Hold | AN34: Hold
A35: 0 | D35: UTI | E35: 1 | F35: HOLD | G35: 1 | H35: PUMP | I35: 4 | J35: 1 | K35: 1 | L35: XXX | O35: Sistema de Água Gelada | P35: Bomba | Q35: 400 | R35: m³/h | AA35: N | AB35: - | AC35: 9999-1002-67-502-004 | AD35: Hold | AE35: Hold | AF35: Hold | AG35: Hold | AH35: Hold | AI35: Hold | AJ35: Hold | AK35: Hold | AL35: Hold | AM35: Hold | AN35: Hold
A36: 0 | D36: UTI | E36: 1 | F36: HOLD | G36: 1 | H36: TANK | I36: 4 | J36: 1 | K36: 1 | L36: XXX | O36: Sistema de Água Gelada | P36: Tanque de Água gelada | Q36: Hold | R36: Hold | AA36: N | AB36: - | AC36: 9999-1002-67-502-004 | AD36: NA | AE36: NA | AF36: NA | AG36: NA | AH36: NA | AI36: NA | AJ36: NA | AK36: NA | AL36: NA | AM36: Hold | AN36: Hold
A37: 0 | D37: UTI | E37: 1 | F37: HOLD | G37: 1 | H37: CHW | I37: 4 | J37: 2 | K37: 1 | L37: 310 | O37: Sistema de Água Gelada | P37: Chiller 3 | Q37: 430 | R37: m³/h | S37: 500 | T37: TR | AA37: N | AB37: 9999-1002-DSH-50U-05 | AC37: 9999-1002-67-502-004 | AD37: 373 | AE37: 380 | AF37: 3 | AG37: 60 | AH37: Hold | AI37: Hold | AJ37: Hold | AK37: Hold | AL37: Hold | AM37: MAYEKAWA MYCOM | AN37: A-4852-001
A38: 0 | D38: UTI | E38: 1 | F38: HOLD | G38: 1 | H38: TANK | I38: 4 | J38: 2 | K38: 1 | L38: XXX | O38: Sistema de Água Gelada | P38: Tanque de Água quente | Q38: Hold | R38: Hold | AA38: N | AB38: - | AC38: 9999-1002-67-502-004 | AD38: NA | AE38: NA | AF38: NA | AG38: NA | AH38: NA | AI38: NA | AJ38: NA | AK38: NA | AL38: NA | AM38: Hold | AN38: Hold
A39: 0 | D39: UTI | E39: 1 | F39: HOLD | G39: 1 | H39: PUMP | I39: 4 | J39: 2 | K39: 1 | L39: XXX | O39: Sistema de Água Gelada | P39: Bomba | Q39: 400 | R39: m³/h | AA39: N | AB39: - | AC39: 9999-1002-67-502-004 | AD39: Hold | AE39: Hold | AF39: Hold | AG39: Hold | AH39: Hold | AI39: Hold | AJ39: Hold | AK39: Hold | AL39: Hold | AM39: Hold | AN39: Hold
A40: 0 | D40: UTI | E40: 1 | F40: HOLD | G40: 1 | H40: PUMP | I40: 4 | J40: 2 | K40: 1 | L40: XXX | O40: Sistema de Água Gelada | P40: Bomba | Q40: 400 | R40: m³/h | AA40: N | AB40: - | AC40: 9999-1002-67-502-004 | AD40: Hold | AE40: Hold | AF40: Hold | AG40: Hold | AH40: Hold | AI40: Hold | AJ40: Hold | AK40: Hold | AL40: Hold | AM40: Hold | AN40: Hold
A41: 0 | D41: UTI | E41: 1 | F41: HOLD | G41: 1 | H41: PUMP | I41: 4 | J41: 2 | K41: 1 | L41: XXX | O41: Sistema de Água Gelada | P41: Bomba | Q41: 400 | R41: m³/h | AA41: N | AB41: - | AC41: 9999-1002-67-502-004 | AD41: Hold | AE41: Hold | AF41: Hold | AG41: Hold | AH41: Hold | AI41: Hold | AJ41: Hold | AK41: Hold | AL41: Hold | AM41: Hold | AN41: Hold
A42: 0 | D42: UTI | E42: 1 | F42: HOLD | G42: 1 | H42: PUMP | I42: 4 | J42: 2 | K42: 1 | L42: XXX | O42: Sistema de Água Gelada | P42: Bomba | Q42: 400 | R42: m³/h | AA42: N | AB42: - | AC42: 9999-1002-67-502-004 | AD42: Hold | AE42: Hold | AF42: Hold | AG42: Hold | AH42: Hold | AI42: Hold | AJ42: Hold | AK42: Hold | AL42: Hold | AM42: Hold | AN42: Hold
A43: 0 | D43: WET | E43: 1 | F43: CEU | G43: 1 | H43: CPSR | I43: 8 | J43: 1 | K43: 1 | L43: 001 | O43: Geração de Ar Comprimido | P43: Compressor de ar | Q43: 43 | R43: Nm³/min | S43: Hold | T43: Hold | AA43: N | AB43: 9999-1002-DSH-50U-01 | AC43: 9999-1002-67-502-005 | AD43: 250 | AE43: 380 | AF43: 3 | AG43: 60 | AH43: Hold | AI43: Hold | AJ43: N | AK43: Hold | AL43: Hold | AM43: Atlas Copco | AN43: ZR-250
A44: 0 | D44: WET | E44: 1 | F44: CEU | G44: 1 | H44: CPSR | I44: 8 | J44: 1 | K44: 1 | L44: 002 | O44: Geração de Ar Comprimido | P44: Compressor de ar | Q44: 43 | R44: Nm³/min | S44: Hold | T44: Hold | AA44: N | AB44: 9999-1002-DSH-50U-01 | AC44: 9999-1002-67-502-005 | AD44: 250 | AE44: 380 | AF44: 3 | AG44: 60 | AH44: Hold | AI44: Hold | AJ44: N | AK44: Hold | AL44: Hold | AM44: Atlas Copco | AN44: ZR-250
A45: 0 | D45: WET | E45: 1 | F45: CEU | G45: 1 | H45: CPSR | I45: 8 | J45: 1 | K45: 1 | L45: 003 | O45: Geração de Ar Comprimido | P45: Compressor de ar | Q45: 43 | R45: Nm³/min | S45: Hold | T45: Hold | AA45: N | AB45: 9999-1002-DSH-50U-01 | AC45: 9999-1002-67-502-005 | AD45: 250 | AE45: 380 | AF45: 3 | AG45: 60 | AH45: Hold | AI45: Hold | AJ45: S | AK45: Hold | AL45: Hold | AM45: Atlas Copco | AN45: ZR-250-VSD
A46: 0 | D46: WET | E46: 1 | F46: CEU | G46: 1 | H46: CPSR | I46: 8 | J46: 1 | K46: 1 | L46: 004 | O46: Geração de Ar Comprimido | P46: Compressor de ar | Q46: Hold | R46: Hold | S46: Hold | T46: Hold | AA46: N | AB46: 9999-1002-DSH-50U-01 | AC46: 9999-1002-67-502-005 | AD46: Hold | AE46: 380 | AF46: 3 | AG46: 60 | AH46: Hold | AI46: Hold | AJ46: S | AK46: Hold | AL46: Hold | AM46: Atlas Copco | AN46: ZR-250-VSD
A47: 0 | D47: WET | E47: 1 | F47: CEU | G47: 1 | H47: CPSR | I47: 8 | J47: 1 | K47: 1 | L47: 005 | O47: Geração de Ar Comprimido | P47: Compressor de ar | Q47: Hold | R47: Hold | S47: Hold | T47: Hold | AA47: N | AB47: 9999-1002-DSH-50U-01 | AC47: 9999-1002-67-502-005 | AD47: Hold | AE47: 380 | AF47: 3 | AG47: 60 | AH47: Hold | AI47: Hold | AJ47: S | AK47: Hold | AL47: Hold | AM47: Atlas Copco | AN47: ZR-250-VSD
A48: 0 | D48: WET | E48: 1 | F48: CEU | G48: 1 | H48: TANK | I48: 8 | J48: 1 | K48: 1 | L48: 001 | O48: Geração de Ar Comprimido | P48: Tanque Pulmão | Q48: 15 | R48: m³ | S48: 10 | T48: bar | AA48: N | AB48: 9999-1002-DSH-50U-01 | AC48: 9999-1002-67-502-005 | AD48: NA | AE48: NA | AF48: NA | AG48: NA | AH48: NA | AI48: NA | AJ48: NA | AK48: NA | AL48: NA | AM48: Atlas Copco | AN48: NA
A49: 0 | D49: WET | E49: 1 | F49: CEU | G49: 1 | H49: TANK | I49: 8 | J49: 1 | K49: 1 | L49: 002 | O49: Geração de Ar Comprimido | P49: Tanque Pulmão | Q49: 15 | R49: m³ | S49: 10 | T49: bar | AA49: N | AB49: 9999-1002-DSH-50U-01 | AC49: 9999-1002-67-502-005 | AD49: NA | AE49: NA | AF49: NA | AG49: NA | AH49: NA | AI49: NA | AJ49: NA | AK49: NA | AL49: NA | AM49: Atlas Copco | AN49: NA
A50: 0 | D50: WET | E50: 1 | F50: CEU | G50: 1 | H50: TANK | I50: 8 | J50: 1 | K50: 1 | L50: 003 | O50: Geração de Ar Comprimido | P50: Tanque Pulmão | Q50: 10 | R50: m³ | S50: 10 | T50: bar | AA50: N | AB50: 9999-1002-DSH-50U-01 | AC50: 9999-1002-67-502-005 | AD50: NA | AE50: NA | AF50: NA | AG50: NA | AH50: NA | AI50: NA | AJ50: NA | AK50: NA | AL50: NA | AM50: Atlas Copco | AN50: NA
A51: 0 | D51: WET | E51: 1 | F51: CEU | G51: 1 | H51: TANK | I51: 8 | J51: 1 | K51: 1 | L51: 004 | O51: Geração de Ar Comprimido | P51: Tanque Pulmão | Q51: 10 | R51: m³ | S51: 8.5 | T51: bar | AA51: N | AB51: - | AC51: 9999-1002-67-502-005 | AD51: NA | AE51: NA | AF51: NA | AG51: NA | AH51: NA | AI51: NA | AJ51: NA | AK51: NA | AL51: NA | AM51: Atlas Copco | AN51: NA
A52: 0 | D52: WET | E52: 1 | F52: CEU | G52: 1 | H52: TANK | I52: 8 | J52: 1 | K52: 1 | L52: 005 | O52: Geração de Ar Comprimido | P52: Tanque Pulmão | Q52: Hold | R52: m³ | S52: Hold | T52: Hold | AA52: N | AB52: - | AC52: 9999-1002-67-502-005 | AD52: NA | AE52: NA | AF52: NA | AG52: NA | AH52: NA | AI52: NA | AJ52: NA | AK52: NA | AL52: NA | AM52: Atlas Copco | AN52: NA
A53: 0 | D53: WET | E53: 1 | F53: CEU | G53: 1 | H53: FLTR | I53: 8 | J53: 1 | K53: 1 | L53: 001 | O53: Geração de Ar Comprimido | P53: Filtro | Q53: Hold | R53: Hold | S53: Hold | T53: Hold | AA53: N | AB53: - | AC53: 9999-1002-67-502-005 | AD53: NA | AE53: NA | AF53: NA | AG53: NA | AH53: NA | AI53: NA | AJ53: NA | AK53: NA | AL53: NA | AM53: Atlas Copco | AN53: CD 17+ ou similar
A54: 0 | D54: WET | E54: 1 | F54: CEU | G54: 1 | H54: FLTR | I54: 8 | J54: 1 | K54: 1 | L54: 002 | O54: Geração de Ar Comprimido | P54: Filtro | Q54: Hold | R54: Hold | S54: Hold | T54: Hold | AA54: N | AB54: - | AC54: 9999-1002-67-502-005 | AD54: NA | AE54: NA | AF54: NA | AG54: NA | AH54: NA | AI54: NA | AJ54: NA | AK54: NA | AL54: NA | AM54: Atlas Copco | AN54: CD 17+ ou similar
A55: 0 | D55: WET | E55: 1 | F55: CEU | G55: 1 | H55: FLTR | I55: 8 | J55: 1 | K55: 1 | L55: 003 | O55: Geração de Ar Comprimido | P55: Filtro | Q55: Hold | R55: Hold | S55: Hold | T55: Hold | AA55: N | AB55: - | AC55: 9999-1002-67-502-005 | AD55: NA | AE55: NA | AF55: NA | AG55: NA | AH55: NA | AI55: NA | AJ55: NA | AK55: NA | AL55: NA | AM55: Atlas Copco | AN55: CD 17+ ou similar
A56: 0 | D56: WET | E56: 1 | F56: CEU | G56: 1 | H56: FLTR | I56: 8 | J56: 1 | K56: 1 | L56: 004 | O56: Geração de Ar Comprimido | P56: Filtro | Q56: Hold | R56: Hold | S56: Hold | T56: Hold | AA56: N | AB56: - | AC56: 9999-1002-67-502-005 | AD56: NA | AE56: NA | AF56: NA | AG56: NA | AH56: NA | AI56: NA | AJ56: NA | AK56: NA | AL56: NA | AM56: Atlas Copco | AN56: CD 17+ ou similar
A57: 0 | D57: WET | E57: 1 | F57: CEU | G57: 1 | H57: FLTR | I57: 8 | J57: 1 | K57: 1 | L57: 005 | O57: Geração de Ar Comprimido | P57: Filtro | Q57: Hold | R57: Hold | S57: Hold | T57: Hold | AA57: N | AB57: - | AC57: 9999-1002-67-502-005 | AD57: NA | AE57: NA | AF57: NA | AG57: NA | AH57: NA | AI57: NA | AJ57: NA | AK57: NA | AL57: NA | AM57: Atlas Copco | AN57: CD 17+ ou similar
A58: 0 | D58: WET | E58: 1 | F58: CEU | G58: 1 | H58: TANK | I58: 2 | J58: 2 | K58: 1 | L58: XXX | O58: Água Quente WET | P58: Tanque | Q58: Hold | R58: Hold | S58: Hold | T58: Hold | AA58: N | AB58: - | AC58: 9999-1002-67-502-008 | AD58: NA | AE58: NA | AF58: NA | AG58: NA | AH58: NA | AI58: NA | AJ58: NA | AK58: NA | AL58: NA | AM58: Alpina | AN58: AP-545/6-SGC-I
A59: 0 | D59: WET | E59: 1 | F59: CEU | G59: 1 | H59: PUMP | I59: 2 | J59: 2 | K59: 1 | L59: XXX | O59: Água Quente WET | P59: Bomba de recirculação | Q59: Hold | R59: Hold | S59: Hold | T59: Hold | AA59: N | AB59: - | AC59: 9999-1002-67-502-008 | AD59: Hold | AE59: 380 | AF59: 3 | AG59: 60 | AH59: Hold | AI59: Hold | AJ59: N | AK59: Hold | AL59: Hold | AM59: Alpina | AN59: AP-545/6-SGC-I
A60: 0 | D60: WET | E60: 1 | F60: CEU | G60: 1 | H60: PUMP | I60: 2 | J60: 2 | K60: 1 | L60: XXX | O60: Água Quente WET | P60: Bomba | Q60: Hold | R60: Hold | S60: Hold | T60: Hold | AA60: N | AB60: - | AC60: 9999-1002-67-502-008 | AD60: Hold | AE60: 380 | AF60: 3 | AG60: 60 | AH60: Hold | AI60: Hold | AJ60: N | AK60: Hold | AL60: Hold | AM60: Alpina | AN60: AP-545/6-SGC-I
A61: 0 | D61: WET | E61: 1 | F61: CEU | G61: 1 | H61: PUMP | I61: 2 | J61: 2 | K61: 1 | L61: XXX | O61: Água Quente WET | P61: Bomba | Q61: Hold | R61: Hold | S61: Hold | T61: Hold | AA61: N | AB61: - | AC61: 9999-1002-67-502-008 | AD61: Hold | AE61: 380 | AF61: 3 | AG61: 60 | AH61: Hold | AI61: Hold | AJ61: N | AK61: Hold | AL61: Hold | AM61: Alpina | AN61: AP-545/6-SGC-I
A62: 0 | D62: WET | E62: 1 | F62: CEU | G62: 1 | H62: HX | I62: 2 | J62: 2 | K62: 1 | L62: XXX | O62: Água Quente WET | P62: Trocador de calor | Q62: Hold | R62: Hold | S62: Hold | T62: Hold | AA62: N | AB62: - | AC62: 9999-1002-67-502-008 | AD62: NA | AE62: NA | AF62: NA | AG62: NA | AH62: NA | AI62: NA | AJ62: NA | AK62: NA | AL62: NA | AM62: Alpina | AN62: AP-545/6-SGC-I
A63: 0 | D63: UTI | E63: 1 | F63: CAG | G63: 1 | H63: CWT | I63: 1 | J63: 1 | K63: 1 | L63: XXX | O63: Água da Torre de Resfriamento | P63: Torre de Resfriamento | Q63: 600 | R63: m³/h | S63: Hold | T63: Hold | AA63: N | AB63: 9999-1002-DSH-50U-02 | AC63: 9999-1002-67-502-010 | AD63: 45 | AE63: 380 | AF63: 3 | AG63: 60 | AH63: Hold | AI63: Hold | AJ63: N | AK63: Hold | AL63: Hold | AM63: Alpina | AN63: AP-545/6-SGC-I
A64: 0 | D64: UTI | E64: 1 | F64: CAG | G64: 1 | H64: CWT | I64: 1 | J64: 1 | K64: 1 | L64: XXX | O64: Água da Torre de Resfriamento | P64: Torre de Resfriamento | Q64: 600 | R64: m³/h | S64: Hold | T64: Hold | AA64: N | AB64: 9999-1002-DSH-50U-02 | AC64: 9999-1002-67-502-010 | AD64: 45 | AE64: 380 | AF64: 3 | AG64: 60 | AH64: Hold | AI64: Hold | AJ64: N | AK64: Hold | AL64: Hold | AM64: Alpina | AN64: AP-545/6-SGC-I
A65: 0 | D65: WET | E65: 1 | F65: CEU | G65: 1 | H65: CWT | I65: 5 | J65: 2 | K65: 1 | L65: XXX | O65: Água da Torre de Resfriamento | P65: Torre de Resfriamento | Q65: 600 | R65: m³/h | S65: Hold | T65: Hold | AA65: N | AB65: 9999-1002-DSH-50U-02 | AC65: 9999-1002-67-502-010 | AD65: 45 | AE65: 380 | AF65: 3 | AG65: 60 | AH65: Hold | AI65: Hold | AJ65: N | AK65: Hold | AL65: Hold | AM65: Alpina | AN65: AP-545/6-SGC-I
A66: 0 | D66: WET | E66: 1 | F66: CEU | G66: 1 | H66: CWT | I66: 5 | J66: 3 | K66: 1 | L66: XXX | O66: Água da Torre de Resfriamento | P66: Torre de Resfriamento | Q66: 600 | R66: m³/h | S66: Hold | T66: Hold | AA66: N | AB66: 9999-1002-DSH-50U-02 | AC66: 9999-1002-67-502-010 | AD66: 45 | AE66: 380 | AF66: 3 | AG66: 60 | AH66: Hold | AI66: Hold | AJ66: N | AK66: Hold | AL66: Hold | AM66: Alpina | AN66: AP-545/6-SGC-I
A67: 0 | D67: UTI | E67: 1 | F67: CAG | G67: 1 | H67: X | I67: 1 | J67: 1 | K67: 1 | L67: XXX | O67: Água da Torre de Resfriamento | P67: Skid de Tratamento de água | Q67: Hold | R67: Hold | S67: Hold | T67: Hold | AA67: N | AB67: - | AC67: 9999-1002-67-502-010 | AD67: Hold | AE67: Hold | AF67: Hold | AG67: Hold | AH67: Hold | AI67: Hold | AJ67: Hold | AK67: Hold | AL67: Hold | AM67: Hold | AN67: Hold
A68: 0 | D68: WET | E68: 1 | F68: CEU | G68: 1 | H68: X | I68: 5 | J68: 2 | K68: 1 | L68: XXX | O68: Água da Torre de Resfriamento | P68: Skid de Tratamento de água | Q68: Hold | R68: Hold | S68: Hold | T68: Hold | AA68: N | AB68: - | AC68: 9999-1002-67-502-010 | AD68: Hold | AE68: Hold | AF68: Hold | AG68: Hold | AH68: Hold | AI68: Hold | AJ68: Hold | AK68: Hold | AL68: Hold | AM68: Hold | AN68: Hold
A69: 0 | D69: WET | E69: 1 | F69: CEU | G69: 1 | H69: X | I69: 5 | J69: 3 | K69: 1 | L69: XXX | O69: Água da Torre de Resfriamento | P69: Skid de Tratamento de água | Q69: Hold | R69: Hold | S69: Hold | T69: Hold | AA69: N | AB69: - | AC69: 9999-1002-67-502-010 | AD69: Hold | AE69: Hold | AF69: Hold | AG69: Hold | AH69: Hold | AI69: Hold | AJ69: Hold | AK69: Hold | AL69: Hold | AM69: Hold | AN69: Hold
A70: 0 | D70: WET | E70: 1 | F70: CEU | G70: 1 | H70: PUMP | I70: 5 | J70: 2 | K70: 1 | L70: XXX | O70: Água da Torre de Resfriamento | P70: Bomba de Resfriamento de processo | Q70: Hold | R70: Hold | S70: Hold | T70: Hold | AA70: N | AB70: - | AC70: 9999-1002-67-502-010 | AD70: Hold | AE70: Hold | AF70: Hold | AG70: Hold | AH70: Hold | AI70: Hold | AJ70: Hold | AK70: Hold | AL70: Hold | AM70: Hold | AN70: Hold
A71: 0 | D71: WET | E71: 1 | F71: CEU | G71: 1 | H71: PUMP | I71: 5 | J71: 2 | K71: 1 | L71: XXX | O71: Água da Torre de Resfriamento | P71: Bomba de Resfriamento de processo | Q71: Hold | R71: Hold | S71: Hold | T71: Hold | AA71: N | AB71: - | AC71: 9999-1002-67-502-010 | AD71: Hold | AE71: Hold | AF71: Hold | AG71: Hold | AH71: Hold | AI71: Hold | AJ71: Hold | AK71: Hold | AL71: Hold | AM71: Hold | AN71: Hold
A72: 0 | D72: WET | E72: 1 | F72: CEU | G72: 1 | H72: PUMP | I72: 5 | J72: 2 | K72: 1 | L72: XXX | O72: Água da Torre de Resfriamento | P72: Bomba de Resfriamento de processo | Q72: Hold | R72: Hold | S72: Hold | T72: Hold | AA72: N | AB72: - | AC72: 9999-1002-67-502-010 | AD72: Hold | AE72: Hold | AF72: Hold | AG72: Hold | AH72: Hold | AI72: Hold | AJ72: Hold | AK72: Hold | AL72: Hold | AM72: Hold | AN72: Hold
A73: 0 | D73: UTI | E73: 1 | F73: CAG | G73: 1 | H73: PUMP | I73: 1 | J73: 1 | K73: 1 | L73: XXX | O73: Água da Torre de Resfriamento | P73: Bomba de Resfriamento Munters | Q73: Hold | R73: Hold | S73: Hold | T73: Hold | AA73: N | AB73: - | AC73: 9999-1002-67-502-010 | AD73: Hold | AE73: Hold | AF73: Hold | AG73: Hold | AH73: Hold | AI73: Hold | AJ73: Hold | AK73: Hold | AL73: Hold | AM73: Hold | AN73: Hold
A74: 0 | D74: UTI | E74: 1 | F74: CAG | G74: 1 | H74: PUMP | I74: 1 | J74: 1 | K74: 1 | L74: XXX | O74: Água da Torre de Resfriamento | P74: Bomba de Resfriamento Munters | Q74: Hold | R74: Hold | S74: Hold | T74: Hold | AA74: N | AB74: - | AC74: 9999-1002-67-502-010 | AD74: Hold | AE74: Hold | AF74: Hold | AG74: Hold | AH74: Hold | AI74: Hold | AJ74: Hold | AK74: Hold | AL74: Hold | AM74: Hold | AN74: Hold
A75: 0 | D75: UTI | E75: 1 | F75: CAG | G75: 1 | H75: PUMP | I75: 1 | J75: 1 | K75: 1 | L75: XXX | O75: Água da Torre de Resfriamento | P75: Bomba de Resfriamento Munters | Q75: Hold | R75: Hold | S75: Hold | T75: Hold | AA75: N | AB75: - | AC75: 9999-1002-67-502-010 | AD75: Hold | AE75: Hold | AF75: Hold | AG75: Hold | AH75: Hold | AI75: Hold | AJ75: Hold | AK75: Hold | AL75: Hold | AM75: Hold | AN75: Hold
A76: 0 | D76: Hold | E76: X | F76: HOLD | G76: X | H76: TANK | I76: X | J76: X | K76: 1 | L76: XXX | O76: Água Quente DAD | P76: Tanque | Q76: Hold | R76: Hold | S76: Hold | T76: Hold | AA76: N | AB76: - | AC76: 9999-1002-28-502-002 | AD76: NA | AE76: NA | AF76: NA | AG76: NA | AH76: NA | AI76: NA | AJ76: NA | AK76: NA | AL76: NA | AM76: Hold | AN76: Hold
A77: 0 | D77: Hold | E77: X | F77: HOLD | G77: X | H77: PUMP | I77: X | J77: X | K77: 1 | L77: XXX | O77: Água Quente DAD | P77: Bomba de recirculação | Q77: Hold | R77: Hold | S77: Hold | T77: Hold | AA77: N | AB77: - | AC77: 9999-1002-28-502-002 | AD77: Hold | AE77: 380 | AF77: 3 | AG77: 60 | AH77: Hold | AI77: Hold | AJ77: N | AK77: Hold | AL77: Hold | AM77: Hold | AN77: Hold
A78: 0 | D78: Hold | E78: X | F78: HOLD | G78: X | H78: PUMP | I78: X | J78: X | K78: 1 | L78: XXX | O78: Água Quente DAD | P78: Bomba | Q78: Hold | R78: Hold | S78: Hold | T78: Hold | AA78: N | AB78: - | AC78: 9999-1002-28-502-002 | AD78: Hold | AE78: 380 | AF78: 3 | AG78: 60 | AH78: Hold | AI78: Hold | AJ78: N | AK78: Hold | AL78: Hold | AM78: Hold | AN78: Hold
A79: 0 | D79: Hold | E79: X | F79: HOLD | G79: X | H79: PUMP | I79: X | J79: X | K79: 1 | L79: XXX | O79: Água Quente DAD | P79: Bomba | Q79: Hold | R79: Hold | S79: Hold | T79: Hold | AA79: N | AB79: - | AC79: 9999-1002-28-502-002 | AD79: Hold | AE79: 380 | AF79: 3 | AG79: 60 | AH79: Hold | AI79: Hold | AJ79: N | AK79: Hold | AL79: Hold | AM79: Hold | AN79: Hold
A80: 0 | D80: Hold | E80: X | F80: HOLD | G80: X | H80: HX | I80: X | J80: X | K80: 1 | L80: XXX | O80: Água Quente DAD | P80: Trocador de calor | Q80: Hold | R80: Hold | S80: Hold | T80: Hold | AA80: N | AB80: - | AC80: 9999-1002-28-502-002 | AD80: NA | AE80: NA | AF80: NA | AG80: NA | AH80: NA | AI80: NA | AJ80: NA | AK80: NA | AL80: NA | AM80: Hold | AN80: Hold
A81: 0 | D81: Hold | E81: X | F81: HOLD | G81: X | H81: TANK | I81: X | J81: X | K81: 1 | L81: XXX | O81: Caldeira | P81: Tanque Desaerador | Q81: Hold | R81: Hold | S81: Hold | T81: Hold | AA81: N | AB81: - | AC81: 9999-1002-28-502-004 | AD81: NA | AE81: NA | AF81: NA | AG81: NA | AH81: NA | AI81: NA | AJ81: NA | AK81: NA | AL81: NA | AM81: Hold | AN81: Hold
A82: 0 | D82: Hold | E82: X | F82: HOLD | G82: X | H82: TANK | I82: X | J82: X | K82: 1 | L82: XXX | O82: Caldeira | P82: Tanque de Condensado | Q82: Hold | R82: Hold | S82: Hold | T82: Hold | AA82: N | AB82: - | AC82: 9999-1002-28-502-004 | AD82: NA | AE82: NA | AF82: NA | AG82: NA | AH82: NA | AI82: NA | AJ82: NA | AK82: NA | AL82: NA | AM82: Hold | AN82: Hold
A83: 0 | D83: Hold | E83: X | F83: HOLD | G83: X | H83: PUMP | I83: X | J83: X | K83: 1 | L83: XXX | O83: Caldeira | P83: Bomba de Condensado | Q83: Hold | R83: Hold | S83: Hold | T83: Hold | AA83: N | AB83: - | AC83: 9999-1002-28-502-004 | AD83: Hold | AE83: 380 | AF83: 3 | AG83: 60 | AH83: Hold | AI83: Hold | AJ83: N | AK83: Hold | AL83: Hold | AM83: Hold | AN83: Hold
A84: 0 | D84: Hold | E84: X | F84: HOLD | G84: X | H84: PUMP | I84: X | J84: X | K84: 1 | L84: XXX | O84: Caldeira | P84: Bomba de Condensado | Q84: Hold | R84: Hold | S84: Hold | T84: Hold | AA84: N | AB84: - | AC84: 9999-1002-28-502-004 | AD84: Hold | AE84: 380 | AF84: 3 | AG84: 60 | AH84: Hold | AI84: Hold | AJ84: N | AK84: Hold | AL84: Hold | AM84: Hold | AN84: Hold
A85: 0 | D85: Hold | E85: X | F85: HOLD | G85: X | H85: PUMP | I85: X | J85: X | K85: 1 | L85: XXX | O85: Caldeira | P85: Boiler Supply | Q85: Hold | R85: Hold | S85: Hold | T85: Hold | AA85: N | AB85: - | AC85: 9999-1002-28-502-004 | AD85: Hold | AE85: 380 | AF85: 3 | AG85: 60 | AH85: Hold | AI85: Hold | AJ85: N | AK85: Hold | AL85: Hold | AM85: Hold | AN85: Hold
A86: 0 | D86: Hold | E86: X | F86: HOLD | G86: X | H86: PUMP | I86: X | J86: X | K86: 1 | L86: XXX | O86: Caldeira | P86: Boiler Supply | Q86: Hold | R86: Hold | S86: Hold | T86: Hold | AA86: N | AB86: - | AC86: 9999-1002-28-502-004 | AD86: Hold | AE86: 380 | AF86: 3 | AG86: 60 | AH86: Hold | AI86: Hold | AJ86: N | AK86: Hold | AL86: Hold | AM86: Hold | AN86: Hold
A87: 0 | D87: Hold | E87: X | F87: HOLD | G87: X | H87: HX | I87: X | J87: X | K87: 1 | L87: XXX | O87: Caldeira | P87: Boiler | Q87: Hold | R87: Hold | S87: Hold | T87: Hold | AA87: N | AB87: - | AC87: 9999-1002-28-502-004 | AD87: Hold | AE87: 380 | AF87: 3 | AG87: 60 | AH87: Hold | AI87: Hold | AJ87: N | AK87: Hold | AL87: Hold | AM87: Hold | AN87: Hold | AO87: Nota 3

Sheet motor
A2: ALTO RENDIMENTO
A3: POTÊNCIA | C3: KOHLBACH-SIEMENS
C4: II Polos | E4: IV Polos | G4: VI Polos | I4: VIII Polos
A6: kW | B6: CV | C6: RENDIMENTO | D6: FATOR DE POTÊNCIA | E6: RENDIMENTO | F6: FATOR DE POTÊNCIA | G6: RENDIMENTO | H6: FATOR DE POTÊNCIA | I6: RENDIMENTO | J6: FATOR DE POTÊNCIA
A8: 0.75 | B8: 1 | C8: 80.1 | D8: 0.81 | E8: 82.7 | F8: 0.68 | G8: 80 | H8: 0.63 | I8: 70 | J8: 0.6
A9: 1.1 | B9: 1.5 | C9: 82.5 | D9: 0.87 | E9: 81.5 | F9: 0.68 | G9: 77 | H9: 0.68 | I9: 77 | J9: 0.6
A10: 1.5 | B10: 2 | C10: 84 | D10: 0.84 | E10: 84.2 | F10: 0.76 | G10: 83 | H10: 0.65 | I10: 82.5 | J10: 0.61
A11: 2.2 | B11: 3 | C11: 85.1 | D11: 0.86 | E11: 85.1 | F11: 0.79 | G11: 83 | H11: 0.69 | I11: 84 | J11: 0.61
A12: 3 | B12: 4 | C12: 85.1 | D12: 0.92 | E12: 86 | F12: 0.79 | G12: 85 | H12: 0.71 | I12: 84.5 | J12: 0.62
A13: 3.7 | B13: 5 | C13: 87.6 | D13: 0.85 | E13: 87.5 | F13: 0.78 | G13: 87.5 | H13: 0.73 | I13: 85.5 | J13: 0.62
A14: 4.5 | B14: 6 | C14: 88 | D14: 0.9 | E14: 88.5 | F14: 0.81 | G14: 87.5 | H14: 0.75 | I14: 85.5 | J14: 0.62
A15: 5.5 | B15: 7.5 | C15: 88.8 | D15: 0.85 | E15: 89.5 | F15: 0.81 | G15: 88 | H15: 0.71 | I15: 85.5 | J15: 0.62
A16: 7.5 | B16: 10 | C16: 89.5 | D16: 0.85 | E16: 90 | F16: 0.83 | G16: 88.5 | H16: 0.74 | I16: 88.5 | J16: 0.66
A17: 9 | B17: 12.5 | C17: 89.5 | D17: 0.9 | E17: 90 | F17: 0.82 | G17: 88.5 | H17: 0.76 | I17: 88.5 | J17: 0.74
A18: 11 | B18: 15 | C18: 90.2 | D18: 0.88 | E18: 91 | F18: 0.82 | G18: 90.2 | H18: 0.77 | I18: 88.5 | J18: 0.74
A19: 15 | B19: 20 | C19: 90.2 | D19: 0.85 | E19: 91 | F19: 0.87 | G19: 90.2 | H19: 0.79 | I19: 89.5 | J19: 0.81
... A28: 110 | B28: 150 | C28: 94.5 | D28: 0.91 | E28: 95 | F28: 0.9 | G28: 95 | H28: 0.85 | I28: 93.6 | J28: 0.82
A29: 130 | B29: 175 | C29: 94.7 | D29: 0.9 | E29: 95 | F29: 0.86 | G29: 95 | H29: 0.85
A30: 150 | B30: 200 | C30: 95 | D30: 0.9 | E30: 95 | F30: 0.86 | G30: 95 | H30: 0.85
A31: 190 | B31: 250 | C31: 95.4 | D31: 0.91 | E31: 95 | F31: 0.87
A32: 250 | B32: 340 | C32: 95.4 | D32: 0.91 | E32: 95 | F32: 0.87
A33: 5000 | B33: 690 | C33: 95.4 | D33: 0.91 | E33: 95 | F33: 0.87

Sheet partida
A1: 1 - PARTIDA DIRETA COM RELÉ ELETRÔNICO DE SOBRE CARGA E3 PLUS.
A2: 2 - PARTIDA COM CONTATOR
A3: 3 - PARTIDA COM INVERSOR DE FREQUÊNCIA
A4: 4 - PARTIDA COM SOFT STARTER
A5: 5 - DISJUNTOR TERMOMAGNÉTICO (ALIMENTADOR)
A6: 6 - PARTIDA COM INVERSOR DE FREQUÊNCIA / REVERSÃO
A7: 7 - PARTIDA COM INVERSOR DE FREQUÊNCIA / REVERSÃO / FREIO
A9: E3 | B9: 1
A10: PD | B10: 2
A11: IF | B11: 3
A12: SS | B12: 4
A13: ALM | B13: 5
A14: IF/R | B14: 6
A15: IF/R/F | B15: 7
A16: HOLD | B16: HOLD

Sheet TOMADAS
F6: QTDE TOMADAS
E8: QDL-398 | F8: 127 | G8: 150 | H8: =G8/5 -> 30 | I8: 30 | J8: =I8*1270 -> 38100
F9: 220 | G9: 10 | H9: =G9/5 -> 2 | I9: 3 | J9: =I9*4400 -> 13200
E12: QDL-399 | F12: 127 | G12: 217 | H12: =G12/5 -> 43.4 | I12: 44 | J12: =I12*1270 -> 55880
F13: 220 | G13: 185 | H13: =G13/5 -> 37 | I13: 37 | J13: =I13*4400 -> 162800
F16: 127 | G16: 9 | H16: 6 | I16: 11 | J16: 8 | K16: 4 | L16: 10 | M16: 2 | N16: 1 | O16: 4 | P16: 2 | Q16: 2 | R16: 8 | S16: 3 | T16: 4 | U16: 6 | V16: 3 | W16: 4 | X16: 1 | Y16: 1 | Z16: 8 | AA16: 4 | AB16: 2 | AC16: 37 | AD16: 77
F17: 220 | G17: 9 | H17: 6 | I17: 11 | J17: 8 | K17: 4 | L17: 10 | M17: 2 | N17: 1 | O17: 4 | P17: 2 | Q17: 2 | R17: 10 | S17: 3 | T17: 4 | U17: 7 | V17: 3 | W17: 2 | X17: 1 | Y17: 1 | Z17: 36 | AA17: 59
F21: 220 | G21: 22 | H21: =G21/5 -> 4.4 | I21: 5 | J21: =I21*4400 -> 22000

Sheet PAINEL
A1: Descrição Bloco | B1: Painel | C1: Cabine | D1: Sistema | E1: Potência Nominal Instalada (kW) | F1: Potência Nominal Instalada (kVA) | G1: Potência Demandada em Operação (kW) | H1: Potência Demandada em Operação (kVA) | M1: Potência Nominal Instalada (kW) | N1: Potência Nominal Instalada (kVA) | O1: Potência Demandada em Operação (kW) | P1: Potência Demandada em Operação (kVA)
A3: A | B3: A-3-U-QDF-001 | C3: 1 | D3: PR | E3: =SUMIFS('Lista de Cargas'!P$4:P$18,'Lista de Cargas'!$H$4:$H$18,$D3,'Lista de Cargas'!$B$4:$B$18,$B3) -> 0 | F3: =SUMIFS('Lista de Cargas'!Q$4:Q$18,'Lista de Cargas'!$H$4:$H$18,$D3,'Lista de Cargas'!$B$4:$B$18,$B3) -> 0 | G3: =SUMIFS('Lista de Cargas'!R$4:R$18,'Lista de Cargas'!$H$4:$H$18,$D3,'Lista de Cargas'!$B$4:$B$18,$B3) -> 0 | H3: =SUMIFS('Lista de Cargas'!S$4:S$18,'Lista de Cargas'!$H$4:$H$18,$D3,'Lista de Cargas'!$B$4:$B$18,$B3) -> 0 | M3: =E3 -> 0 | N3: =F3 -> 0 | O3: =G3 -> 0 | P3: =H3 -> 0
A4: A | B4: A-3-U-QDF-001 | C4: 1 | D4: BU | E4: =SUMIFS('Lista de Cargas'!P$4:P$18,'Lista de Cargas'!$H$4:$H$18,$D4,'Lista de Cargas'!$B$4:$B$18,$B4) -> 0 | F4: =SUMIFS('Lista de Cargas'!Q$4:Q$18,'Lista de Cargas'!$H$4:$H$18,$D4,'Lista de Cargas'!$B$4:$B$18,$B4) -> 0 | G4: =SUMIFS('Lista de Cargas'!R$4:R$18,'Lista de Cargas'!$H$4:$H$18,$D4,'Lista de Cargas'!$B$4:$B$18,$B4) -> 0 | H4: =SUMIFS('Lista de Cargas'!S$4:S$18,'Lista de Cargas'!$H$4:$H$18,$D4,'Lista de Cargas'!$B$4:$B$18,$B4) -> 0 | M4: =E4 -> 0 | N4: =F4 -> 0 | O4: =G4 -> 0 | P4: =H4 -> 0
A5: A | B5: A-3-U-QDF-001 | C5: 1 | D5: CU | E5: =SUMIFS('Lista de Cargas'!P$4:P$18,'Lista de Cargas'!$H$4:$H$18,$D5,'Lista de Cargas'!$B$4:$B$18,$B5) -> 0 | F5: =SUMIFS('Lista de Cargas'!Q$4:Q$18,'Lista de Cargas'!$H$4:$H$18,$D5,'Lista de Cargas'!$B$4:$B$18,$B5) -> 0 | G5: =SUMIFS('Lista de Cargas'!R$4:R$18,'Lista de Cargas'!$H$4:$H$18,$D5,'Lista de Cargas'!$B$4:$B$18,$B5) -> 0 | H5: =SUMIFS('Lista de Cargas'!S$4:S$18,'Lista de Cargas'!$H$4:$H$18,$D5,'Lista de Cargas'!$B$4:$B$18,$B5) -> 0 | M5: =E5 -> 0 | N5: =F5 -> 0 | O5: =G5 -> 0 | P5: =H5 -> 0
A6: A | B6: A-3-U-QDF-001 | C6: 1 | D6: HA | E6: =SUMIFS('Lista de Cargas'!P$4:P$18,'Lista de Cargas'!$H$4:$H$18,$D6,'Lista de Cargas'!$B$4:$B$18,$B6) -> 0 | F6: =SUMIFS('Lista de Cargas'!Q$4:Q$18,'Lista de Cargas'!$H$4:$H$18,$D6,'Lista de Cargas'!$B$4:$B$18,$B6) -> 0 | G6: =SUMIFS('Lista de Cargas'!R$4:R$18,'Lista de Cargas'!$H$4:$H$18,$D6,'Lista de Cargas'!$B$4:$B$18,$B6) -> 0 | H6: =SUMIFS('Lista de Cargas'!S$4:S$18,'Lista de Cargas'!$H$4:$H$18,$D6,'Lista de Cargas'!$B$4:$B$18,$B6) -> 0 | M6: =E6 -> 0 | N6: =F6 -> 0 | O6: =G6 -> 0 | P6: =H6 -> 0
A7: A | B7: A-3-U-QDF-001 | C7: 1 | D7: AR | E7: =SUMIFS('Lista de Cargas'!P$4:P$18,'Lista de Cargas'!$H$4:$H$18,$D7,'Lista de Cargas'!$B$4:$B$18,$B7) -> 0 | F7: =SUMIFS('Lista de Cargas'!Q$4:Q$18,'Lista de Cargas'!$H$4:$H$18,$D7,'Lista de Cargas'!$B$4:$B$18,$B7) -> 0 | G7: =SUMIFS('Lista de Cargas'!R$4:R$18,'Lista de Cargas'!$H$4:$H$18,$D7,'Lista de Cargas'!$B$4:$B$18,$B7) -> 0 | H7: =SUMIFS('Lista de Cargas'!S$4:S$18,'Lista de Cargas'!$H$4:$H$18,$D7,'Lista de Cargas'!$B$4:$B$18,$B7) -> 0 | M7: =E7 -> 0 | N7: =F7 -> 0 | O7: =G7 -> 0 | P7: =H7 -> 0
A8: A | B8: A-3-U-QDF-001 | C8: 1 | D8: EL | E8: =SUMIFS('Lista de Cargas'!P$4:P$18,'Lista de Cargas'!$H$4:$H$18,$D8,'Lista de Cargas'!$B$4:$B$18,$B8) -> 0 | F8: =SUMIFS('Lista de Cargas'!Q$4:Q$18,'Lista de Cargas'!$H$4:$H$18,$D8,'Lista de Cargas'!$B$4:$B$18,$B8) -> 0 | G8: =SUMIFS('Lista de Cargas'!R$4:R$18,'Lista de Cargas'!$H$4:$H$18,$D8,'Lista de Cargas'!$B$4:$B$18,$B8) -> 0 | H8: =SUMIFS('Lista de Cargas'!S$4:S$18,'Lista de Cargas'!$H$4:$H$18,$D8,'Lista de Cargas'!$B$4:$B$18,$B8) -> 0 | M8: =E8 -> 0 | N8: =F8 -> 0 | O8: =G8 -> 0 | P8: =H8 -> 0
A9: A | B9: A-3-U-QDF-001 | C9: 1 | D9: AT | E9: =SUMIFS('Lista de Cargas'!P$4:P$18,'Lista de Cargas'!$H$4:$H$18,$D9,'Lista de Cargas'!$B$4:$B$18,$B9) -> 0 | F9: =SUMIFS('Lista de Cargas'!Q$4:Q$18,'Lista de Cargas'!$H$4:$H$18,$D9,'Lista de Cargas'!$B$4:$B$18,$B9) -> 0 | G9: =SUMIFS('Lista de Cargas'!R$4:R$18,'Lista de Cargas'!$H$4:$H$18,$D9,'Lista de Cargas'!$B$4:$B$18,$B9) -> 0 | H9: =SUMIFS('Lista de Cargas'!S$4:S$18,'Lista de Cargas'!$H$4:$H$18,$D9,'Lista de Cargas'!$B$4:$B$18,$B9) -> 0 | M9: =E9 -> 0 | N9: =F9 -> 0 | O9: =G9 -> 0 | P9: =H9 -> 0
A10: A | B10: A-3-U-QDF-001 | C10: 1 | D10: TOTAL | E10: =SUM(E3:E9) -> 0 | F10: =SUM(F3:F9) -> 0 | G10: =SUM(G3:G9) -> 0 | H10: =SUM(H3:H9) -> 0
A11: - | B11: - | D11: - | E11: =E10/E$247 -> #DIV/0! | F11: =F10/F$247 -> #DIV/0! | G11: =G10/G$247 -> #DIV/0! | H11: =H10/H$247 -> #DIV/0!
A12: B | B12: A-3-G-QDF-001 | C12: 1 | D12: PR | E12: =SUMIFS('Lista de Cargas'!P$4:P$18,'Lista de Cargas'!$H$4:$H$18,$D12,'Lista de Cargas'!$B$4:$B$18,$B12) -> 0 | F12: =SUMIFS('Lista de Cargas'!Q$4:Q$18,'Lista de Cargas'!$H$4:$H$18,$D12,'Lista de Cargas'!$B$4:$B$18,$B12) -> 0 | G12: =SUMIFS('Lista de Cargas'!R$4:R$18,'Lista de Cargas'!$H$4:$H$18,$D12,'Lista de Cargas'!$B$4:$B$18,$B12) -> 0 | H12: =SUMIFS('Lista de Cargas'!S$4:S$18,'Lista de Cargas'!$H$4:$H$18,$D12,'Lista de Cargas'!$B$4:$B$18,$B12) -> 0 | M12: =E12 -> 0 | N12: =F12 -> 0 | O12: =G12 -> 0 | P12: =H12 -> 0
A13: B | B13: A-3-G-QDF-001 | C13: 1 | D13: BU | E13: =SUMIFS('Lista de Cargas'!P$4:P$18,'Lista de Cargas'!$H$4:$H$18,$D13,'Lista de Cargas'!$B$4:$B$18,$B13) -> 0 | F13: =SUMIFS('Lista de Cargas'!Q$4:Q$18,'Lista de Cargas'!$H$4:$H$18,$D13,'Lista de Cargas'!$B$4:$B$18,$B13) -> 0 | G13: =SUMIFS('Lista de Cargas'!R$4:R$18,'Lista de Cargas'!$H$4:$H$18,$D13,'Lista de Cargas'!$B$4:$B$18,$B13) -> 0 | H13: =SUMIFS('Lista de Cargas'!S$4:S$18,'Lista de Cargas'!$H$4:$H$18,$D13,'Lista de Cargas'!$B$4:$B$18,$B13) -> 0 | M13: =E13 -> 0 | N13: =F13 -> 0 | O13: =G13 -> 0 | P13: =H13 -> 0
A14: B | B14: A-3-G-QDF-001 | C14: 1 | D14: CU | E14: =SUMIFS('Lista de Cargas'!P$4:P$18,'Lista de Cargas'!$H$4:$H$18,$D14,'Lista de Cargas'!$B$4:$B$18,$B14) -> 0 | F14: =SUMIFS('Lista de Cargas'!Q$4:Q$18,'Lista de Cargas'!$H$4:$H$18,$D14,'Lista de Cargas'!$B$4:$B$18,$B14) -> 0 | G14: =SUMIFS('Lista de Cargas'!R$4:R$18,'Lista de Cargas'!$H$4:$H$18,$D14,'Lista de Cargas'!$B$4:$B$18,$B14) -> 0 | H14: =SUMIFS('Lista de Cargas'!S$4:S$18,'Lista de Cargas'!$H$4:$H$18,$D14,'Lista de Cargas'!$B$4:$B$18,$B14) -> 0 | M14: =E14 -> 0 | N14: =F14 -> 0 | O14: =G14 -> 0 | P14: =H14 -> 0
A15: B | B15: A-3-G-QDF-001 | C15: 1 | D15: HA | E15: =SUMIFS('Lista de Cargas'!P$4:P$18,'Lista de Cargas'!$H$4:$H$18,$D15,'Lista de Cargas'!$B$4:$B$18,$B15) -> 0 | F15: =SUMIFS('Lista de Cargas'!Q$4:Q$18,'Lista de Cargas'!$H$4:$H$18,$D15,'Lista de Cargas'!$B$4:$B$18,$B15) -> 0 | G15: =SUMIFS('Lista de Cargas'!R$4:R$18,'Lista de Cargas'!$H$4:$H$18,$D15,'Lista de Cargas'!$B$4:$B$18,$B15) -> 0 | H15: =SUMIFS('Lista de Cargas'!S$4:S$18,'Lista de Cargas'!$H$4:$H$18,$D15,'Lista de Cargas'!$B$4:$B$18,$B15) -> 0 | M15: =E15 -> 0 | N15: =F15 -> 0 | O15: =G15 -> 0 | P15: =H15 -> 0
A16: B | B16: A-3-G-QDF-001 | C16: 1 | D16: AR | E16: =SUMIFS('Lista de Cargas'!P$4:P$18,'Lista de Cargas'!$H$4:$H$18,$D16,'Lista de Cargas'!$B$4:$B$18,$B16) -> 0 | F16: =SUMIFS('Lista de Cargas'!Q$4:Q$18,'Lista de Cargas'!$H$4:$H$18,$D16,'Lista de Cargas'!$B$4:$B$18,$B16) -> 0 | G16: =SUMIFS('Lista de Cargas'!R$4:R$18,'Lista de Cargas'!$H$4:$H$18,$D16,'Lista de Cargas'!$B$4:$B$18,$B16) -> 0 | H16: =SUMIFS('Lista de Cargas'!S$4:S$18,'Lista de Cargas'!$H$4:$H$18,$D16,'Lista de Cargas'!$B$4:$B$18,$B16) -> 0 | M16: =E16 -> 0 | N16: =F16 -> 0 | O16: =G16 -> 0 | P16: =H16 -> 0
A17: B | B17: A-3-G-QDF-001 | C17: 1 | D17: EL | E17: =SUMIFS('Lista de Cargas'!P$4:P$18,'Lista de Cargas'!$H$4:$H$18,$D17,'Lista de Cargas'!$B$4:$B$18,$B17) -> 0 | F17: =SUMIFS('Lista de Cargas'!Q$4:Q$18,'Lista de Cargas'!$H$4:$H$18,$D17,'Lista de Cargas'!$B$4:$B$18,$B17) -> 0 | G17: =SUMIFS('Lista de Cargas'!R$4:R$18,'Lista de Cargas'!$H$4:$H$18,$D17,'Lista de Cargas'!$B$4:$B$18,$B17) -> 0 | H17: =SUMIFS('Lista de Cargas'!S$4:S$18,'Lista de Cargas'!$H$4:$H$18,$D17,'Lista de Cargas'!$B$4:$B$18,$B17) -> 0 | M17: =E17 -> 0 | N17: =F17 -> 0 | O17: =G17 -> 0 | P17: =H17 -> 0
A18: B | B18: A-3-G-QDF-001 | C18: 1 | D18: AT | E18: =SUMIFS('Lista de Cargas'!P$4:P$18,'Lista de Cargas'!$H$4:$H$18,$D18,'Lista de Cargas'!$B$4:$B$18,$B18) -> 0 | F18: =SUMIFS('Lista de Cargas'!Q$4:Q$18,'Lista de Cargas'!$H$4:$H$18,$D18,'Lista de Cargas'!$B$4:$B$18,$B18) -> 0 | G18: =SUMIFS('Lista de Cargas'!R$4:R$18,'Lista de Cargas'!$H$4:$H$18,$D18,'Lista de Cargas'!$B$4:$B$18,$B18) -> 0 | H18: =SUMIFS('Lista de Cargas'!S$4:S$18,'Lista de Cargas'!$H$4:$H$18,$D18,'Lista de Cargas'!$B$4:$B$18,$B18) -> 0 | M18: =E18 -> 0 | N18: =F18 -> 0 | O18: =G18 -> 0 | P18: =H18 -> 0
A19: B | B19: A-3-G-QDF-001 | C19: 1 | D19: TOTAL | E19: =SUM(E12:E18) -> 0 | F19: =SUM(F12:F18) -> 0 | G19: =SUM(G12:G18) -> 0 | H19: =SUM(H12:H18) -> 0
A20: - | B20: - | D20: - | E20: =E19/E$247 -> #DIV/0! | F20: =F19/F$247 -> #DIV/0! | G20: =G19/G$247 -> #DIV/0! | H20: =H19/H$247 -> #DIV/0!
A21: C | B21: B-3-U-QDF-001 | C21: 1 | D21: PR | E21: =SUMIFS('Lista de Cargas'!P$4:P$18,'Lista de Cargas'!$H$4:$H$18,$D21,'Lista de Cargas'!$B$4:$B$18,$B21) -> 0 | F21: =SUMIFS('Lista de Cargas'!Q$4:Q$18,'Lista de Cargas'!$H$4:$H$18,$D21,'Lista de Cargas'!$B$4:$B$18,$B21) -> 0 | G21: =SUMIFS('Lista de Cargas'!R$4:R$18,'Lista de Cargas'!$H$4:$H$18,$D21,'Lista de Cargas'!$B$4:$B$18,$B21) -> 0 | H21: =SUMIFS('Lista de Cargas'!S$4:S$18,'Lista de Cargas'!$H$4:$H$18,$D21,'Lista de Cargas'!$B$4:$B$18,$B21) -> 0 | M21: =E21 -> 0 | N21: =F21 -> 0 | O21: =G21 -> 0 | P21: =H21 -> 0
A22: C | B22: B-3-U-QDF-001 | C22: 1 | D22: BU | E22: =SUMIFS('Lista de Cargas'!P$4:P$18,'Lista de Cargas'!$H$4:$H$18,$D22,'Lista de Cargas'!$B$4:$B$18,$B22) -> 0 | F22: =SUMIFS('Lista de Cargas'!Q$4:Q$18,'Lista de Cargas'!$H$4:$H$18,$D22,'Lista de Cargas'!$B$4:$B$18,$B22) -> 0 | G22: =SUMIFS('Lista de Cargas'!R$4:R$18,'Lista de Cargas'!$H$4:$H$18,$D22,'Lista de Cargas'!$B$4:$B$18,$B22) -> 0 | H22: =SUMIFS('Lista de Cargas'!S$4:S$18,'Lista de Cargas'!$H$4:$H$18,$D22,'Lista de Cargas'!$B$4:$B$18,$B22) -> 0 | M22: =E22 -> 0 | N22: =F22 -> 0 | O22: =G22 -> 0 | P22: =H22 -> 0
A23: C | B23: B-3-U-QDF-001 | C23: 1 | D23: CU | E23: =SUMIFS('Lista de Cargas'!P$4:P$18,'Lista de Cargas'!$H$4:$H$18,$D23,'Lista de Cargas'!$B$4:$B$18,$B23) -> 0 | F23: =SUMIFS('Lista de Cargas'!Q$4:Q$18,'Lista de Cargas'!$H$4:$H$18,$D23,'Lista de Cargas'!$B$4:$B$18,$B23) -> 0 | G23: =SUMIFS('Lista de Cargas'!R$4:R$18,'Lista de Cargas'!$H$4:$H$18,$D23,'Lista de Cargas'!$B$4:$B$18,$B23) -> 0 | H23: =SUMIFS('Lista de Cargas'!S$4:S$18,'Lista de Cargas'!$H$4:$H$18,$D23,'Lista de Cargas'!$B$4:$B$18,$B23) -> 0 | M23: =E23 -> 0 | N23: =F23 -> 0 | O23: =G23 -> 0 | P23: =H23 -> 0
A24: C | B24: B-3-U-QDF-001 | C24: 1 | D24: HA | E24: =SUMIFS('Lista de Cargas'!P$4:P$18,'Lista de Cargas'!$H$4:$H$18,$D24,'Lista de Cargas'!$B$4:$B$18,$B24) -> 0 | F24: =SUMIFS('Lista de Cargas'!Q$4:Q$18,'Lista de Cargas'!$H$4:$H$18,$D24,'Lista de Cargas'!$B$4:$B$18,$B24) -> 0 | G24: =SUMIFS('Lista de Cargas'!R$4:R$18,'Lista de Cargas'!$H$4:$H$18,$D24,'Lista de Cargas'!$B$4:$B$18,$B24) -> 0 | H24: =SUMIFS('Lista de Cargas'!S$4:S$18,'Lista de Cargas'!$H$4:$H$18,$D24,'Lista de Cargas'!$B$4:$B$18,$B24) -> 0 | M24: =E24 -> 0 | N24: =F24 -> 0 | O24: =G24 -> 0 | P24: =H24 -> 0
A25: C | B25: B-3-U-QDF-001 | C25: 1 | D25: AR | E25: =SUMIFS('Lista de Cargas'!P$4:P$18,'Lista de Cargas'!$H$4:$H$18,$D25,'Lista de Cargas'!$B$4:$B$18,$B25) -> 0 | F25: =SUMIFS('Lista de Cargas'!Q$4:Q$18,'Lista de Cargas'!$H$4:$H$18,$D25,'Lista de Cargas'!$B$4:$B$18,$B25) -> 0 | G25: =SUMIFS('Lista de Cargas'!R$4:R$18,'Lista de Cargas'!$H$4:$H$18,$D25,'Lista de Cargas'!$B$4:$B$18,$B25) -> 0 | H25: =SUMIFS('Lista de Cargas'!S$4:S$18,'Lista de Cargas'!$H$4:$H$18,$D25,'Lista de Cargas'!$B$4:$B$18,$B25) -> 0 | M25: =E25 -> 0 | N25: =F25 -> 0 | O25: =G25 -> 0 | P25: =H25 -> 0
A26: C | B26: B-3-U-QDF-001 | C26: 1 | D26: EL | E26: =SUMIFS('Lista de Cargas'!P$4:P$18,'Lista de Cargas'!$H$4:$H$18,$D26,'Lista de Cargas'!$B$4:$B$18,$B26) -> 0 | F26: =SUMIFS('Lista de Cargas'!Q$4:Q$18,'Lista de Cargas'!$H$4:$H$18,$D26,'Lista de Cargas'!$B$4:$B$18,$B26) -> 0 | G26: =SUMIFS('Lista de Cargas'!R$4:R$18,'Lista de Cargas'!$H$4:$H$18,$D26,'Lista de Cargas'!$B$4:$B$18,$B26) -> 0 | H26: =SUMIFS('Lista de Cargas'!S$4:S$18,'Lista de Cargas'!$H$4:$H$18,$D26,'Lista de Cargas'!$B$4:$B$18,$B26) -> 0 | M26: =E26 -> 0 | N26: =F26 -> 0 | O26: =G26 -> 0 | P26: =H26 -> 0
A27: C | B27: B-3-U-QDF-001 | C27: 1 | D27: AT | E27: =SUMIFS('Lista de Cargas'!P$4:P$18,'Lista de Cargas'!$H$4:$H$18,$D27,'Lista de Cargas'!$B$4:$B$18,$B27) -> 0 | F27: =SUMIFS('Lista de Cargas'!Q$4:Q$18,'Lista de Cargas'!$H$4:$H$18,$D27,'Lista de Cargas'!$B$4:$B$18,$B27) -> 0 | G27: =SUMIFS('Lista de Cargas'!R$4:R$18,'Lista de Cargas'!$H$4:$H$18,$D27,'Lista de Cargas'!$B$4:$B$18,$B27) -> 0 | H27: =SUMIFS('Lista de Cargas'!S$4:S$18,'Lista de Cargas'!$H$4:$H$18,$D27,'Lista de Cargas'!$B$4:$B$18,$B27) -> 0 | M27: =E27 -> 0 | N27: =F27 -> 0 | O27: =G27 -> 0 | P27: =H27 -> 0
A28: C | B28: B-3-U-QDF-001 | C28: 1 | D28: TOTAL | E28: =SUM(E21:E27) -> 0 | F28: =SUM(F21:F27) -> 0 | G28: =SUM(G21:G27) -> 0 | H28: =SUM(H21:H27) -> 0
A29: - | B29: - | D29: - | E29: =E28/E$247 -> #DIV/0! | F29: =F28/F$247 -> #DIV/0! | G29: =G28/G$247 -> #DIV/0! | H29: =H28/H$247 -> #DIV/0!
A30: D | B30: A-2-U-QDF-001 | C30: 1 | D30: PR | E30: =SUMIFS('Lista de Cargas'!P$4:P$18,'Lista de Cargas'!$H$4:$H$18,$D30,'Lista de Cargas'!$B$4:$B$18,$B30) -> 0 | F30: =SUMIFS('Lista de Cargas'!Q$4:Q$18,'Lista de Cargas'!$H$4:$H$18,$D30,'Lista de Cargas'!$B$4:$B$18,$B30) -> 0 | G30: =SUMIFS('Lista de Cargas'!R$4:R$18,'Lista de Cargas'!$H$4:$H$18,$D30,'Lista de Cargas'!$B$4:$B$18,$B30) -> 0 | H30: =SUMIFS('Lista de Cargas'!S$4:S$18,'Lista de Cargas'!$H$4:$H$18,$D30,'Lista de Cargas'!$B$4:$B$18,$B30) -> 0 | M30: =E30 -> 0 | N30: =F30 -> 0 | O30: =G30 -> 0 | P30: =H30 -> 0
A31: D | B31: A-2-U-QDF-001 | C31: 1 | D31: BU | E31: =SUMIFS('Lista de Cargas'!P$4:P$18,'Lista de Cargas'!$H$4:$H$18,$D31,'Lista de Cargas'!$B$4:$B$18,$B31) -> 0 | F31: =SUMIFS('Lista de Cargas'!Q$4:Q$18,'Lista de Cargas'!$H$4:$H$18,$D31,'Lista de Cargas'!$B$4:$B$18,$B31) -> 0 | G31: =SUMIFS('Lista de Cargas'!R$4:R$18,'Lista de Cargas'!$H$4:$H$18,$D31,'Lista de Cargas'!$B$4:$B$18,$B31) -> 0 | H31: =SUMIFS('Lista de Cargas'!S$4:S$18,'Lista de Cargas'!$H$4:$H$18,$D31,'Lista de Cargas'!$B$4:$B$18,$B31) -> 0 | M31: =E31 -> 0 | N31: =F31 -> 0 | O31: =G31 -> 0 | P31: =H31 -> 0
A32: D | B32: A-2-U-QDF-001 | C32: 1 | D32: CU | E32: =SUMIFS('Lista de Cargas'!P$4:P$18,'Lista de Cargas'!$H$4:$H$18,$D32,'Lista de Cargas'!$B$4:$B$18,$B32) -> 0 | F32: =SUMIFS('Lista de Cargas'!Q$4:Q$18,'Lista de Cargas'!$H$4:$H$18,$D32,'Lista de Cargas'!$B$4:$B$18,$B32) -> 0 | G32: =SUMIFS('Lista de Cargas'!R$4:R$18,'Lista de Cargas'!$H$4:$H$18,$D32,'Lista de Cargas'!$B$4:$B$18,$B32) -> 0 | H32: =SUMIFS('Lista de Cargas'!S$4:S$18,'Lista de Cargas'!$H$4:$H$18,$D32,'Lista de Cargas'!$B$4:$B$18,$B32) -> 0 | M32: =E32 -> 0 | N32: =F32 -> 0 | O32: =G32 -> 0 | P32: =H32 -> 0
A33: D | B33: A-2-U-QDF-001 | C33: 1 | D33: HA | E33: =SUMIFS('Lista de Cargas'!P$4:P$18,'Lista de Cargas'!$H$4:$H$18,$D33,'Lista de Cargas'!$B$4:$B$18,$B33) -> 0 | F33: =SUMIFS('Lista de Cargas'!Q$4:Q$18,'Lista de Cargas'!$H$4:$H$18,$D33,'Lista de Cargas'!$B$4:$B$18,$B33) -> 0 | G33: =SUMIFS('Lista de Cargas'!R$4:R$18,'Lista de Cargas'!$H$4:$H$18,$D33,'Lista de Cargas'!$B$4:$B$18,$B33) -> 0 | H33: =SUMIFS('Lista de Cargas'!S$4:S$18,'Lista de Cargas'!$H$4:$H$18,$D33,'Lista de Cargas'!$B$4:$B$18,$B33) -> 0 | M33: =E33 -> 0 | N33: =F33 -> 0 | O33: =G33 -> 0 | P33: =H33 -> 0
A34: D | B34: A-2-U-QDF-001 | C34: 1 | D34: AR | E34: =SUMIFS('Lista de Cargas'!P$4:P$18,'Lista de Cargas'!$H$4:$H$18,$D34,'Lista de Cargas'!$B$4:$B$18,$B34) -> 0 | F34: =SUMIFS('Lista de Cargas'!Q$4:Q$18,'Lista de Cargas'!$H$4:$H$18,$D34,'Lista de Cargas'!$B$4:$B$18,$B34) -> 0 | G34: =SUMIFS('Lista de Cargas'!R$4:R$18,'Lista de Cargas'!$H$4:$H$18,$D34,'Lista de Cargas'!$B$4:$B$18,$B34) -> 0 | H34: =SUMIFS('Lista de Cargas'!S$4:S$18,'Lista de Cargas'!$H$4:$H$18,$D34,'Lista de Cargas'!$B$4:$B$18,$B34) -> 0 | M34: =E34 -> 0 | N34: =F34 -> 0 | O34: =G34 -> 0 | P34: =H34 -> 0
A35: D | B35: A-2-U-QDF-001 | C35: 1 | D35: EL | E35: =SUMIFS('Lista de Cargas'!P$4:P$18,'Lista de Cargas'!$H$4:$H$18,$D35,'Lista de Cargas'!$B$4:$B$18,$B35) -> 0 | F35: =SUMIFS('Lista de Cargas'!Q$4:Q$18,'Lista de Cargas'!$H$4:$H$18,$D35,'Lista de Cargas'!$B$4:$B$18,$B35) -> 0 | G35: =SUMIFS('Lista de Cargas'!R$4:R$18,'Lista de Cargas'!$H$4:$H$18,$D35,'Lista de Cargas'!$B$4:$B$18,$B35) -> 0 | H35: =SUMIFS('Lista de Cargas'!S$4:S$18,'Lista de Cargas'!$H$4:$H$18,$D35,'Lista de Cargas'!$B$4:$B$18,$B35) -> 0 | M35: =E35 -> 0 | N35: =F35 -> 0 | O35: =G35 -> 0 | P35: =H35 -> 0
A36: D | B36: A-2-U-QDF-001 | C36: 1 | D36: AT | E36: =SUMIFS('Lista de Cargas'!P$4:P$18,'Lista de Cargas'!$H$4:$H$18,$D36,'Lista de Cargas'!$B$4:$B$18,$B36) -> 0 | F36: =SUMIFS('Lista de Cargas'!Q$4:Q$18,'Lista de Cargas'!$H$4:$H$18,$D36,'Lista de Cargas'!$B$4:$B$18,$B36) -> 0 | G36: =SUMIFS('Lista de Cargas'!R$4:R$18,'Lista de Cargas'!$H$4:$H$18,$D36,'Lista de Cargas'!$B$4:$B$18,$B36) -> 0 | H36: =SUMIFS('Lista de Cargas'!S$4:S$18,'Lista de Cargas'!$H$4:$H$18,$D36,'Lista de Cargas'!$B$4:$B$18,$B36) -> 0 | M36: =E36 -> 0 | N36: =F36 -> 0 | O36: =G36 -> 0 | P36: =H36 -> 0
A37: D | B37: A-2-U-QDF-001 | C37: 1 | D37: TOTAL | E37: =SUM(E30:E36) -> 0 | F37: =SUM(F30:F36) -> 0 | G37: =SUM(G30:G36) -> 0 | H37: =SUM(H30:H36) -> 0
A38: - | B38: - | D38: - | E38: =E37/E$247 -> #DIV/0! | F38: =F37/F$247 -> #DIV/0! | G38: =G37/G$247 -> #DIV/0! | H38: =H37/H$247 -> #DIV/0!
A39: D | B39: B-3-G-QDF-001 | C39: 1 | D39: PR | E39: =SUMIFS('Lista de Cargas'!P$4:P$18,'Lista de Cargas'!$H$4:$H$18,$D39,'Lista de Cargas'!$B$4:$B$18,$B39) -> 0 | F39: =SUMIFS('Lista de Cargas'!Q$4:Q$18,'Lista de Cargas'!$H$4:$H$18,$D39,'Lista de Cargas'!$B$4:$B$18,$B39) -> 0 | G39: =SUMIFS('Lista de Cargas'!R$4:R$18,'Lista de Cargas'!$H$4:$H$18,$D39,'Lista de Cargas'!$B$4:$B$18,$B39) -> 0 | H39: =SUMIFS('Lista de Cargas'!S$4:S$18,'Lista de Cargas'!$H$4:$H$18,$D39,'Lista de Cargas'!$B$4:$B$18,$B39) -> 0 | M39: =E39 -> 0 | N39: =F39 -> 0 | O39: =G39 -> 0 | P39: =H39 -> 0
A40: D | B40: B-3-G-QDF-001 | C40: 1 | D40: BU | E40: =SUMIFS('Lista de Cargas'!P$4:P$18,'Lista de Cargas'!$H$4:$H$18,$D40,'Lista de Cargas'!$B$4:$B$18,$B40) -> 0 | F40: =SUMIFS('Lista de Cargas'!Q$4:Q$18,'Lista de Cargas'!$H$4:$H$18,$D40,'Lista de Cargas'!$B$4:$B$18,$B40) -> 0 | G40: =SUMIFS('Lista de Cargas'!R$4:R$18,'Lista de Cargas'!$H$4:$H$18,$D40,'Lista de Cargas'!$B$4:$B$18,$B40) -> 0 | H40: =SUMIFS('Lista de Cargas'!S$4:S$18,'Lista de Cargas'!$H$4:$H$18,$D40,'Lista de Cargas'!$B$4:$B$18,$B40) -> 0 | M40: =E40 -> 0 | N40: =F40 -> 0 | O40: =G40 -> 0 | P40: =H40 -> 0
A41: D | B41: B-3-G-QDF-001 | C41: 1 | D41: CU | E41: =SUMIFS('Lista de Cargas'!P$4:P$18,'Lista de Cargas'!$H$4:$H$18,$D41,'Lista de Cargas'!$B$4:$B$18,$B41) -> 0 | F41: =SUMIFS('Lista de Cargas'!Q$4:Q$18,'Lista de Cargas'!$H$4:$H$18,$D41,'Lista de Cargas'!$B$4:$B$18,$B41) -> 0 | G41: =SUMIFS('Lista de Cargas'!R$4:R$18,'Lista de Cargas'!$H$4:$H$18,$D41,'Lista de Cargas'!$B$4:$B$18,$B41) -> 0 | H41: =SUMIFS('Lista de Cargas'!S$4:S$18,'Lista de Cargas'!$H$4:$H$18,$D41,'Lista de Cargas'!$B$4:$B$18,$B41) -> 0 | M41: =E41 -> 0 | N41: =F41 -> 0 | O41: =G41 -> 0 | P41: =H41 -> 0
A42: D | B42: B-3-G-QDF-001 | C42: 1 | D42: HA | E42: =SUMIFS('Lista de Cargas'!P$4:P$18,'Lista de Cargas'!$H$4:$H$18,$D42,'Lista de Cargas'!$B$4:$B$18,$B42) -> 0 | F42: =SUMIFS('Lista de Cargas'!Q$4:Q$18,'Lista de Cargas'!$H$4:$H$18,$D42,'Lista de Cargas'!$B$4:$B$18,$B42) -> 0 | G42: =SUMIFS('Lista de Cargas'!R$4:R$18,'Lista de Cargas'!$H$4:$H$18,$D42,'Lista de Cargas'!$B$4:$B$18,$B42) -> 0 | H42: =SUMIFS('Lista de Cargas'!S$4:S$18,'Lista de Cargas'!$H$4:$H$18,$D42,'Lista de Cargas'!$B$4:$B$18,$B42) -> 0 | M42: =E42 -> 0 | N42: =F42 -> 0 | O42: =G42 -> 0 | P42: =H42 -> 0
A43: D | B43: B-3-G-QDF-001 | C43: 1 | D43: AR | E43: =SUMIFS('Lista de Cargas'!P$4:P$18,'Lista de Cargas'!$H$4:$H$18,$D43,'Lista de Cargas'!$B$4:$B$18,$B43) -> 0 | F43: =SUMIFS('Lista de Cargas'!Q$4:Q$18,'Lista de Cargas'!$H$4:$H$18,$D43,'Lista de Cargas'!$B$4:$B$18,$B43) -> 0 | G43: =SUMIFS('Lista de Cargas'!R$4:R$18,'Lista de Cargas'!$H$4:$H$18,$D43,'Lista de Cargas'!$B$4:$B$18,$B43) -> 0 | H43: =SUMIFS('Lista de Cargas'!S$4:S$18,'Lista de Cargas'!$H$4:$H$18,$D43,'Lista de Cargas'!$B$4:$B$18,$B43) -> 0 | M43: =E43 -> 0 | N43: =F43 -> 0 | O43: =G43 -> 0 | P43: =H43 -> 0
A44: D | B44: B-3-G-QDF-001 | C44: 1 | D44: EL | E44: =SUMIFS('Lista de Cargas'!P$4:P$18,'Lista de Cargas'!$H$4:$H$18,$D44,'Lista de Cargas'!$B$4:$B$18,$B44) -> 0 | F44: =SUMIFS('Lista de Cargas'!Q$4:Q$18,'Lista de Cargas'!$H$4:$H$18,$D44,'Lista de Cargas'!$B$4:$B$18,$B44) -> 0 | G44: =SUMIFS('Lista de Cargas'!R$4:R$18,'Lista de Cargas'!$H$4:$H$18,$D44,'Lista de Cargas'!$B$4:$B$18,$B44) -> 0 | H44: =SUMIFS('Lista de Cargas'!S$4:S$18,'Lista de Cargas'!$H$4:$H$18,$D44,'Lista de Cargas'!$B$4:$B$18,$B44) -> 0 | M44: =E44 -> 0 | N44: =F44 -> 0 | O44: =G44 -> 0 | P44: =H44 -> 0
A45: D | B45: B-3-G-QDF-001 | C45: 1 | D45: AT | E45: =SUMIFS('Lista de Cargas'!P$4:P$18,'Lista de Cargas'!$H$4:$H$18,$D45,'Lista de Cargas'!$B$4:$B$18,$B45) -> 0 | F45: =SUMIFS('Lista de Cargas'!Q$4:Q$18,'Lista de Cargas'!$H$4:$H$18,$D45,'Lista de Cargas'!$B$4:$B$18,$B45) -> 0 | G45: =SUMIFS('Lista de Cargas'!R$4:R$18,'Lista de Cargas'!$H$4:$H$18,$D45,'Lista de Cargas'!$B$4:$B$18,$B45) -> 0 | H45: =SUMIFS('Lista de Cargas'!S$4:S$18,'Lista de Cargas'!$H$4:$H$18,$D45,'Lista de Cargas'!$B$4:$B$18,$B45) -> 0 | M45: =E45 -> 0 | N45: =F45 -> 0 | O45: =G45 -> 0 | P45: =H45 -> 0
A46: D | B46: B-3-G-QDF-001 | C46: 1 | D46: TOTAL | E46: =SUM(E39:E45) -> 0 | F46: =SUM(F39:F45) -> 0 | G46: =SUM(G39:G45) -> 0 | H46: =SUM(H39:H45) -> 0
A47: - | B47: - | D47: - | E47: =E46/E$247 -> #DIV/0! | F47: =F46/F$247 -> #DIV/0! | G47: =G46/G$247 -> #DIV/0! | H47: =H46/H$247 -> #DIV/0!
A48: E | B48: B-2-U-QDF-001 | C48: 1 | D48: PR | E48: =SUMIFS('Lista de Cargas'!P$4:P$18,'Lista de Cargas'!$H$4:$H$18,$D48,'Lista de Cargas'!$B$4:$B$18,$B48) -> 0 | F48: =SUMIFS('Lista de Cargas'!Q$4:Q$18,'Lista de Cargas'!$H$4:$H$18,$D48,'Lista de Cargas'!$B$4:$B$18,$B48) -> 0 | G48: =SUMIFS('Lista de Cargas'!R$4:R$18,'Lista de Cargas'!$H$4:$H$18,$D48,'Lista de Cargas'!$B$4:$B$18,$B48) -> 0 | H48: =SUMIFS('Lista de Cargas'!S$4:S$18,'Lista de Cargas'!$H$4:$H$18,$D48,'Lista de Cargas'!$B$4:$B$18,$B48) -> 0 | M48: =E48 -> 0 | N48: =F48 -> 0 | O48: =G48 -> 0 | P48: =H48 -> 0
A49: E | B49: B-2-U-QDF-001 | C49: 1 | D49: BU | E49: =SUMIFS('Lista de Cargas'!P$4:P$18,'Lista de Cargas'!$H$4:$H$18,$D49,'Lista de Cargas'!$B$4:$B$18,$B49) -> 0 | F49: =SUMIFS('Lista de Cargas'!Q$4:Q$18,'Lista de Cargas'!$H$4:$H$18,$D49,'Lista de Cargas'!$B$4:$B$18,$B49) -> 0 | G49: =SUMIFS('Lista de Cargas'!R$4:R$18,'Lista de Cargas'!$H$4:$H$18,$D49,'Lista de Cargas'!$B$4:$B$18,$B49) -> 0 | H49: =SUMIFS('Lista de Cargas'!S$4:S$18,'Lista de Cargas'!$H$4:$H$18,$D49,'Lista de Cargas'!$B$4:$B$18,$B49) -> 0 | M49: =E49 -> 0 | N49: =F49 -> 0 | O49: =G49 -> 0 | P49: =H49 -> 0
A50: E | B50: B-2-U-QDF-001 | C50: 1 | D50: CU | E50: =SUMIFS('Lista de Cargas'!P$4:P$18,'Lista de Cargas'!$H$4:$H$18,$D50,'Lista de Cargas'!$B$4:$B$18,$B50) -> 0 | F50: =SUMIFS('Lista de Cargas'!Q$4:Q$18,'Lista de Cargas'!$H$4:$H$18,$D50,'Lista de Cargas'!$B$4:$B$18,$B50) -> 0 | G50: =SUMIFS('Lista de Cargas'!R$4:R$18,'Lista de Cargas'!$H$4:$H$18,$D50,'Lista de Cargas'!$B$4:$B$18,$B50) -> 0 | H50: =SUMIFS('Lista de Cargas'!S$4:S$18,'Lista de Cargas'!$H$4:$H$18,$D50,'Lista de Cargas'!$B$4:$B$18,$B50) -> 0 | M50: =E50 -> 0 | N50: =F50 -> 0 | O50: =G50 -> 0 | P50: =H50 -> 0
A51: E | B51: B-2-U-QDF-001 | C51: 1 | D51: HA | E51: =SUMIFS('Lista de Cargas'!P$4:P$18,'Lista de Cargas'!$H$4:$H$18,$D51,'Lista de Cargas'!$B$4:$B$18,$B51) -> 0 | F51: =SUMIFS('Lista de Cargas'!Q$4:Q$18,'Lista de Cargas'!$H$4:$H$18,$D51,'Lista de Cargas'!$B$4:$B$18,$B51) -> 0 | G51: =SUMIFS('Lista de Cargas'!R$4:R$18,'Lista de Cargas'!$H$4:$H$18,$D51,'Lista de Cargas'!$B$4:$B$18,$B51) -> 0 | H51: =SUMIFS('Lista de Cargas'!S$4:S$18,'Lista de Cargas'!$H$4:$H$18,$D51,'Lista de Cargas'!$B$4:$B$18,$B51) -> 0 | M51: =E51 -> 0 | N51: =F51 -> 0 | O51: =G51 -> 0 | P51: =H51 -> 0
A52: E | B52: B-2-U-QDF-001 | C52: 1 | D52: AR | E52: =SUMIFS('Lista de Cargas'!P$4:P$18,'Lista de Cargas'!$H$4:$H$18,$D52,'Lista de Cargas'!$B$4:$B$18,$B52) -> 0 | F52: =SUMIFS('Lista de Cargas'!Q$4:Q$18,'Lista de Cargas'!$H$4:$H$18,$D52,'Lista de Cargas'!$B$4:$B$18,$B52) -> 0 | G52: =SUMIFS('Lista de Cargas'!R$4:R$18,'Lista de Cargas'!$H$4:$H$18,$D52,'Lista de Cargas'!$B$4:$B$18,$B52) -> 0 | H52: =SUMIFS('Lista de Cargas'!S$4:S$18,'Lista de Cargas'!$H$4:$H$18,$D52,'Lista de Cargas'!$B$4:$B$18,$B52) -> 0 | M52: =E52 -> 0 | N52: =F52 -> 0 | O52: =G52 -> 0 | P52: =H52 -> 0
A53: E | B53: B-2-U-QDF-001 | C53: 1 | D53: EL | E53: =SUMIFS('Lista de Cargas'!P$4:P$18,'Lista de Cargas'!$H$4:$H$18,$D53,'Lista de Cargas'!$B$4:$B$18,$B53) -> 0 | F53: =SUMIFS('Lista de Cargas'!Q$4:Q$18,'Lista de Cargas'!$H$4:$H$18,$D53,'Lista de Cargas'!$B$4:$B$18,$B53) -> 0 | G53: =SUMIFS('Lista de Cargas'!R$4:R$18,'Lista de Cargas'!$H$4:$H$18,$D53,'Lista de Cargas'!$B$4:$B$18,$B53) -> 0 | H53: =SUMIFS('Lista de Cargas'!S$4:S$18,'Lista de Cargas'!$H$4:$H$18,$D53,'Lista de Cargas'!$B$4:$B$18,$B53) -> 0 | M53: =E53 -> 0 | N53: =F53 -> 0 | O53: =G53 -> 0 | P53: =H53 -> 0
A54: E | B54: B-2-U-QDF-001 | C54: 1 | D54: AT | E54: =SUMIFS('Lista de Cargas'!P$4:P$18,'Lista de Cargas'!$H$4:$H$18,$D54,'Lista de Cargas'!$B$4:$B$18,$B54) -> 0 | F54: =SUMIFS('Lista de Cargas'!Q$4:Q$18,'Lista de Cargas'!$H$4:$H$18,$D54,'Lista de Cargas'!$B$4:$B$18,$B54) -> 0 | G54: =SUMIFS('Lista de Cargas'!R$4:R$18,'Lista de Cargas'!$H$4:$H$18,$D54,'Lista de Cargas'!$B$4:$B$18,$B54) -> 0 | H54: =SUMIFS('Lista de Cargas'!S$4:S$18,'Lista de Cargas'!$H$4:$H$18,$D54,'Lista de Cargas'!$B$4:$B$18,$B54) -> 0 | M54: =E54 -> 0 | N54: =F54 -> 0 | O54: =G54 -> 0 | P54: =H54 -> 0
A55: E | B55: B-2-U-QDF-001 | C55: 1 | D55: TOTAL | E55: =SUM(E48:E54) -> 0 | F55: =SUM(F48:F54) -> 0 | G55: =SUM(G48:G54) -> 0 | H55: =SUM(H48:H54) -> 0
A56: - | B56: - | D56: - | E56: =E55/E$247 -> #DIV/0! | F56: =F55/F$247 -> #DIV/0! | G56: =G55/G$247 -> #DIV/0! | H56: =H55/H$247 -> #DIV/0!
A57: CD / Almoxarifado | B57: 5 | C57: SE-02 | D57: PR | E57: =SUMIFS('Lista de Cargas'!P$4:P$18,'Lista de Cargas'!$H$4:$H$18,$D57,'Lista de Cargas'!$B$4:$B$18,$B57) -> 0 | F57: =SUMIFS('Lista de Cargas'!Q$4:Q$18,'Lista de Cargas'!$H$4:$H$18,$D57,'Lista de Cargas'!$B$4:$B$18,$B57) -> 0 | G57: =SUMIFS('Lista de Cargas'!R$4:R$18,'Lista de Cargas'!$H$4:$H$18,$D57,'Lista de Cargas'!$B$4:$B$18,$B57) -> 0 | H57: =SUMIFS('Lista de Cargas'!S$4:S$18,'Lista de Cargas'!$H$4:$H$18,$D57,'Lista de Cargas'!$B$4:$B$18,$B57) -> 0 | M57: =E57 -> 0 | N57: =F57 -> 0 | O57: =G57 -> 0 | P57: =H57 -> 0
A58: CD / Almoxarifado | B58: 5 | C58: SE-02 | D58: BU | E58: =SUMIFS('Lista de Cargas'!P$4:P$18,'Lista de Cargas'!$H$4:$H$18,$D58,'Lista de Cargas'!$B$4:$B$18,$B58) -> 0 | F58: =SUMIFS('Lista de Cargas'!Q$4:Q$18,'Lista de Cargas'!$H$4:$H$18,$D58,'Lista de Cargas'!$B$4:$B$18,$B58) -> 0 | G58: =SUMIFS('Lista de Cargas'!R$4:R$18,'Lista de Cargas'!$H$4:$H$18,$D58,'Lista de Cargas'!$B$4:$B$18,$B58) -> 0 | H58: =SUMIFS('Lista de Cargas'!S$4:S$18,'Lista de Cargas'!$H$4:$H$18,$D58,'Lista de Cargas'!$B$4:$B$18,$B58) -> 0 | M58: =E58 -> 0 | N58: =F58 -> 0 | O58: =G58 -> 0 | P58: =H58 -> 0
A59: CD / Almoxarifado | B59: 5 | C59: SE-02 | D59: CU | E59: =SUMIFS('Lista de Cargas'!P$4:P$18,'Lista de Cargas'!$H$4:$H$18,$D59,'Lista de Cargas'!$B$4:$B$18,$B59) -> 0 | F59: =SUMIFS('Lista de Cargas'!Q$4:Q$18,'Lista de Cargas'!$H$4:$H$18,$D59,'Lista de Cargas'!$B$4:$B$18,$B59) -> 0 | G59: =SUMIFS('Lista de Cargas'!R$4:R$18,'Lista de Cargas'!$H$4:$H$18,$D59,'Lista de Cargas'!$B$4:$B$18,$B59) -> 0 | H59: =SUMIFS('Lista de Cargas'!S$4:S$18,'Lista de Cargas'!$H$4:$H$18,$D59,'Lista de Cargas'!$B$4:$B$18,$B59) -> 0 | M59: =E59 -> 0 | N59: =F59 -> 0 | O59: =G59 -> 0 | P59: =H59 -> 0
A60: CD / Almoxarifado | B60: 5 | C60: SE-02 | D60: HA | E60: =SUMIFS('Lista de Cargas'!P$4:P$18,'Lista de Cargas'!$H$4:$H$18,$D60,'Lista de Cargas'!$B$4:$B$18,$B60) -> 0 | F60: =SUMIFS('Lista de Cargas'!Q$4:Q$18,'Lista de Cargas'!$H$4:$H$18,$D60,'Lista de Cargas'!$B$4:$B$18,$B60) -> 0 | G60: =SUMIFS('Lista de Cargas'!R$4:R$18,'Lista de Cargas'!$H$4:$H$18,$D60,'Lista de Cargas'!$B$4:$B$18,$B60) -> 0 | H60: =SUMIFS('Lista de Cargas'!S$4:S$18,'Lista de Cargas'!$H$4:$H$18,$D60,'Lista de Cargas'!$B$4:$B$18,$B60) -> 0 | M60: =E60 -> 0 | N60: =F60 -> 0 | O60: =G60 -> 0 | P60: =H60 -> 0
A61: CD / Almoxarifado | B61: 5 | C61: SE-02 | D61: CI | E61: =SUMIFS('Lista de Cargas'!P$4:P$18,'Lista de Cargas'!$H$4:$H$18,$D61,'Lista de Cargas'!$B$4:$B$18,$B61) -> 0 | F61: =SUMIFS('Lista de Cargas'!Q$4:Q$18,'Lista de Cargas'!$H$4:$H$18,$D61,'Lista de Cargas'!$B$4:$B$18,$B61) -> 0 | G61: =SUMIFS('Lista de Cargas'!R$4:R$18,'Lista de Cargas'!$H$4:$H$18,$D61,'Lista de Cargas'!$B$4:$B$18,$B61) -> 0 | H61: =SUMIFS('Lista de Cargas'!S$4:S$18,'Lista de Cargas'!$H$4:$H$18,$D61,'Lista de Cargas'!$B$4:$B$18,$B61) -> 0 | M61: =E61 -> 0 | N61: =F61 -> 0 | O61: =G61 -> 0 | P61: =H61 -> 0
A62: CD / Almoxarifado | B62: 5 | C62: SE-02 | D62: EL | E62: =SUMIFS('Lista de Cargas'!P$4:P$18,'Lista de Cargas'!$H$4:$H$18,$D62,'Lista de Cargas'!$B$4:$B$18,$B62) -> 0 | F62: =SUMIFS('Lista de Cargas'!Q$4:Q$18,'Lista de Cargas'!$H$4:$H$18,$D62,'Lista de Cargas'!$B$4:$B$18,$B62) -> 0 | G62: =SUMIFS('Lista de Cargas'!R$4:R$18,'Lista de Cargas'!$H$4:$H$18,$D62,'Lista de Cargas'!$B$4:$B$18,$B62) -> 0 | H62: =SUMIFS('Lista de Cargas'!S$4:S$18,'Lista de Cargas'!$H$4:$H$18,$D62,'Lista de Cargas'!$B$4:$B$18,$B62) -> 0 | M62: =E62 -> 0 | N62: =F62 -> 0 | O62: =G62 -> 0 | P62: =H62 -> 0
A63: CD / Almoxarifado | B63: 5 | C63: SE-02 | D63: AT | E63: =SUMIFS('Lista de Cargas'!P$4:P$18,'Lista de Cargas'!$H$4:$H$18,$D63,'Lista de Cargas'!$B$4:$B$18,$B63) -> 0 | F63: =SUMIFS('Lista de Cargas'!Q$4:Q$18,'Lista de Cargas'!$H$4:$H$18,$D63,'Lista de Cargas'!$B$4:$B$18,$B63) -> 0 | G63: =SUMIFS('Lista de Cargas'!R$4:R$18,'Lista de Cargas'!$H$4:$H$18,$D63,'Lista de Cargas'!$B$4:$B$18,$B63) -> 0 | H63: =SUMIFS('Lista de Cargas'!S$4:S$18,'Lista de Cargas'!$H$4:$H$18,$D63,'Lista de Cargas'!$B$4:$B$18,$B63) -> 0 | M63: =E63 -> 0 | N63: =F63 -> 0 | O63: =G63 -> 0 | P63: =H63 -> 0
A64: CD / Almoxarifado | B64: 5 | C64: SE-02 | D64: TOTAL | E64: =SUM(E57:E63) -> 0 | F64: =SUM(F57:F63) -> 0 | G64: =SUM(G57:G63) -> 0 | H64: =SUM(H57:H63) -> 0
A65: - | B65: - | D65: - | E65: =E64/E$247 -> #DIV/0! | F65: =F64/F$247 -> #DIV/0! | G65: =G64/G$247 -> #DIV/0! | H65: =H64/H$247 -> #DIV/0!
A66: Sólidos II | B66: 6 | C66: SE-05 | D66: PR | E66: =SUMIFS('Lista de Cargas'!P$4:P$18,'Lista de Cargas'!$H$4:$H$18,$D66,'Lista de Cargas'!$B$4:$B$18,$B66) -> 0 | F66: =SUMIFS('Lista de Cargas'!Q$4:Q$18,'Lista de Cargas'!$H$4:$H$18,$D66,'Lista de Cargas'!$B$4:$B$18,$B66) -> 0 | G66: =SUMIFS('Lista de Cargas'!R$4:R$18,'Lista de Cargas'!$H$4:$H$18,$D66,'Lista de Cargas'!$B$4:$B$18,$B66) -> 0 | H66: =SUMIFS('Lista de Cargas'!S$4:S$18,'Lista de Cargas'!$H$4:$H$18,$D66,'Lista de Cargas'!$B$4:$B$18,$B66) -> 0 | M66: =E66 -> 0 | N66: =F66 -> 0 | O66: =G66 -> 0 | P66: =H66 -> 0
A67: Sólidos II | B67: 6 | C67: SE-05 | D67: BU | E67: =SUMIFS('Lista de Cargas'!P$4:P$18,'Lista de Cargas'!$H$4:$H$18,$D67,'Lista de Cargas'!$B$4:$B$18,$B67) -> 0 | F67: =SUMIFS('Lista de Cargas'!Q$4:Q$18,'Lista de Cargas'!$H$4:$H$18,$D67,'Lista de Cargas'!$B$4:$B$18,$B67) -> 0 | G67: =SUMIFS('Lista de Cargas'!R$4:R$18,'Lista de Cargas'!$H$4:$H$18,$D67,'Lista de Cargas'!$B$4:$B$18,$B67) -> 0 | H67: =SUMIFS('Lista de Cargas'!S$4:S$18,'Lista de Cargas'!$H$4:$H$18,$D67,'Lista de Cargas'!$B$4:$B$18,$B67) -> 0 | M67: =E67 -> 0 | N67: =F67 -> 0 | O67: =G67 -> 0 | P67: =H67 -> 0
A68: Sólidos II | B68: 6 | C68: SE-05 | D68: CU | E68: =SUMIFS('Lista de Cargas'!P$4:P$18,'Lista de Cargas'!$H$4:$H$18,$D68,'Lista de Cargas'!$B$4:$B$18,$B68) -> 0 | F68: =SUMIFS('Lista de Cargas'!Q$4:Q$18,'Lista de Cargas'!$H$4:$H$18,$D68,'Lista de Cargas'!$B$4:$B$18,$B68) -> 0 | G68: =SUMIFS('Lista de Cargas'!R$4:R$18,'Lista de Cargas'!$H$4:$H$18,$D68,'Lista de Cargas'!$B$4:$B$18,$B68) -> 0 | H68: =SUMIFS('Lista de Cargas'!S$4:S$18,'Lista de Cargas'!$H$4:$H$18,$D68,'Lista de Cargas'!$B$4:$B$18,$B68) -> 0 | M68: =E68 -> 0 | N68: =F68 -> 0 | O68: =G68 -> 0 | P68: =H68 -> 0
A69: Sólidos II | B69: 6 | C69: SE-05 | D69: HA | E69: =SUMIFS('Lista de Cargas'!P$4:P$18,'Lista de Cargas'!$H$4:$H$18,$D69,'Lista de Cargas'!$B$4:$B$18,$B69) -> 0 | F69: =SUMIFS('Lista de Cargas'!Q$4:Q$18,'Lista de Cargas'!$H$4:$H$18,$D69,'Lista de Cargas'!$B$4:$B$18,$B69) -> 0 | G69: =SUMIFS('Lista de Cargas'!R$4:R$18,'Lista de Cargas'!$H$4:$H$18,$D69,'Lista de Cargas'!$B$4:$B$18,$B69) -> 0 | H69: =SUMIFS('Lista de Cargas'!S$4:S$18,'Lista de Cargas'!$H$4:$H$18,$D69,'Lista de Cargas'!$B$4:$B$18,$B69) -> 0 | M69: =E69 -> 0 | N69: =F69 -> 0 | O69: =G69 -> 0 | P69: =H69 -> 0
A70: Sólidos II | B70: 6 | C70: SE-05 | D70: CI | E70: =SUMIFS('Lista de Cargas'!P$4:P$18,'Lista de Cargas'!$H$4:$H$18,$D70,'Lista de Cargas'!$B$4:$B$18,$B70) -> 0 | F70: =SUMIFS('Lista de Cargas'!Q$4:Q$18,'Lista de Cargas'!$H$4:$H$18,$D70,'Lista de Cargas'!$B$4:$B$18,$B70) -> 0 | G70: =SUMIFS('Lista de Cargas'!R$4:R$18,'Lista de Cargas'!$H$4:$H$18,$D70,'Lista de Cargas'!$B$4:$B$18,$B70) -> 0 | H70: =SUMIFS('Lista de Cargas'!S$4:S$18,'Lista de Cargas'!$H$4:$H$18,$D70,'Lista de Cargas'!$B$4:$B$18,$B70) -> 0 | M70: =E70 -> 0 | N70: =F70 -> 0 | O70: =G70 -> 0 | P70: =H70 -> 0
A71: Sólidos II | B71: 6 | C71: SE-05 | D71: EL | E71: =SUMIFS('Lista de Cargas'!P$4:P$18,'Lista de Cargas'!$H$4:$H$18,$D71,'Lista de Cargas'!$B$4:$B$18,$B71) -> 0 | F71: =SUMIFS('Lista de Cargas'!Q$4:Q$18,'Lista de Cargas'!$H$4:$H$18,$D71,'Lista de Cargas'!$B$4:$B$18,$B71) -> 0 | G71: =SUMIFS('Lista de Cargas'!R$4:R$18,'Lista de Cargas'!$H$4:$H$18,$D71,'Lista de Cargas'!$B$4:$B$18,$B71) -> 0 | H71: =SUMIFS('Lista de Cargas'!S$4:S$18,'Lista de Cargas'!$H$4:$H$18,$D71,'Lista de Cargas'!$B$4:$B$18,$B71) -> 0 | M71: =E71 -> 0 | N71: =F71 -> 0 | O71: =G71 -> 0 | P71: =H71 -> 0
A72: Sólidos II | B72: 6 | C72: SE-05 | D72: AT | E72: =SUMIFS('Lista de Cargas'!P$4:P$18,'Lista de Cargas'!$H$4:$H$18,$D72,'Lista de Cargas'!$B$4:$B$18,$B72) -> 0 | F72: =SUMIFS('Lista de Cargas'!Q$4:Q$18,'Lista de Cargas'!$H$4:$H$18,$D72,'Lista de Cargas'!$B$4:$B$18,$B72) -> 0 | G72: =SUMIFS('Lista de Cargas'!R$4:R$18,'Lista de Cargas'!$H$4:$H$18,$D72,'Lista de Cargas'!$B$4:$B$18,$B72) -> 0 | H72: =SUMIFS('Lista de Cargas'!S$4:S$18,'Lista de Cargas'!$H$4:$H$18,$D72,'Lista de Cargas'!$B$4:$B$18,$B72) -> 0 | M72: =E72 -> 0 | N72: =F72 -> 0 | O72: =G72 -> 0 | P72: =H72 -> 0
A73: Sólidos II | B73: 6 | C73: SE-05 | D73: TOTAL | E73: =SUM(E66:E72) -> 0 | F73: =SUM(F66:F72) -> 0 | G73: =SUM(G66:G72) -> 0 | H73: =SUM(H66:H72) -> 0
A74: - | B74: - | D74: - | E74: =E73/E$247 -> #DIV/0! | F74: =F73/F$247 -> #DIV/0! | G74: =G73/G$247 -> #DIV/0! | H74: =H73/H$247 -> #DIV/0!
A75: Hormonais | B75: 7 | C75: SE-09 | D75: PR | E75: =SUMIFS('Lista de Cargas'!P$4:P$18,'Lista de Cargas'!$H$4:$H$18,$D75,'Lista de Cargas'!$B$4:$B$18,$B75) -> 0 | F75: =SUMIFS('Lista de Cargas'!Q$4:Q$18,'Lista de Cargas'!$H$4:$H$18,$D75,'Lista de Cargas'!$B$4:$B$18,$B75) -> 0 | G75: =SUMIFS('Lista de Cargas'!R$4:R$18,'Lista de Cargas'!$H$4:$H$18,$D75,'Lista de Cargas'!$B$4:$B$18,$B75) -> 0 | H75: =SUMIFS('Lista de Cargas'!S$4:S$18,'Lista de Cargas'!$H$4:$H$18,$D75,'Lista de Cargas'!$B$4:$B$18,$B75) -> 0 | M75: =E75 -> 0 | N75: =F75 -> 0 | O75: =G75 -> 0 | P75: =H75 -> 0
A76: Hormonais | B76: 7 | C76: SE-09 | D76: BU | E76: =SUMIFS('Lista de Cargas'!P$4:P$18,'Lista de Cargas'!$H$4:$H$18,$D76,'Lista de Cargas'!$B$4:$B$18,$B76) -> 0 | F76: =SUMIFS('Lista de Cargas'!Q$4:Q$18,'Lista de Cargas'!$H$4:$H$18,$D76,'Lista de Cargas'!$B$4:$B$18,$B76) -> 0 | G76: =SUMIFS('Lista de Cargas'!R$4:R$18,'Lista de Cargas'!$H$4:$H$18,$D76,'Lista de Cargas'!$B$4:$B$18,$B76) -> 0 | H76: =SUMIFS('Lista de Cargas'!S$4:S$18,'Lista de Cargas'!$H$4:$H$18,$D76,'Lista de Cargas'!$B$4:$B$18,$B76) -> 0 | M76: =E76 -> 0 | N76: =F76 -> 0 | O76: =G76 -> 0 | P76: =H76 -> 0
A77: Hormonais | B77: 7 | C77: SE-09 | D77: CU | E77: =SUMIFS('Lista de Cargas'!P$4:P$18,'Lista de Cargas'!$H$4:$H$18,$D77,'Lista de Cargas'!$B$4:$B$18,$B77) -> 0 | F77: =SUMIFS('Lista de Cargas'!Q$4:Q$18,'Lista de Cargas'!$H$4:$H$18,$D77,'Lista de Cargas'!$B$4:$B$18,$B77) -> 0 | G77: =SUMIFS('Lista de Cargas'!R$4:R$18,'Lista de Cargas'!$H$4:$H$18,$D77,'Lista de Cargas'!$B$4:$B$18,$B77) -> 0 | H77: =SUMIFS('Lista de Cargas'!S$4:S$18,'Lista de Cargas'!$H$4:$H$18,$D77,'Lista de Cargas'!$B$4:$B$18,$B77) -> 0 | M77: =E77 -> 0 | N77: =F77 -> 0 | O77: =G77 -> 0 | P77: =H77 -> 0
A78: Hormonais | B78: 7 | C78: SE-09 | D78: HA | E78: =SUMIFS('Lista de Cargas'!P$4:P$18,'Lista de Cargas'!$H$4:$H$18,$D78,'Lista de Cargas'!$B$4:$B$18,$B78) -> 0 | F78: =SUMIFS('Lista de Cargas'!Q$4:Q$18,'Lista de Cargas'!$H$4:$H$18,$D78,'Lista de Cargas'!$B$4:$B$18,$B78) -> 0 | G78: =SUMIFS('Lista de Cargas'!R$4:R$18,'Lista de Cargas'!$H$4:$H$18,$D78,'Lista de Cargas'!$B$4:$B$18,$B78) -> 0 | H78: =SUMIFS('Lista de Cargas'!S$4:S$18,'Lista de Cargas'!$H$4:$H$18,$D78,'Lista de Cargas'!$B$4:$B$18,$B78) -> 0 | M78: =E78 -> 0 | N78: =F78 -> 0 | O78: =G78 -> 0 | P78: =H78 -> 0
A79: Hormonais | B79: 7 | C79: SE-09 | D79: CI | E79: =SUMIFS('Lista de Cargas'!P$4:P$18,'Lista de Cargas'!$H$4:$H$18,$D79,'Lista de Cargas'!$B$4:$B$18,$B79) -> 0 | F79: =SUMIFS('Lista de Cargas'!Q$4:Q$18,'Lista de Cargas'!$H$4:$H$18,$D79,'Lista de Cargas'!$B$4:$B$18,$B79) -> 0 | G79: =SUMIFS('Lista de Cargas'!R$4:R$18,'Lista de Cargas'!$H$4:$H$18,$D79,'Lista de Cargas'!$B$4:$B$18,$B79) -> 0 | H79: =SUMIFS('Lista de Cargas'!S$4:S$18,'Lista de Cargas'!$H$4:$H$18,$D79,'Lista de Cargas'!$B$4:$B$18,$B79) -> 0 | M79: =E79 -> 0 | N79: =F79 -> 0 | O79: =G79 -> 0 | P79: =H79 -> 0
A80: Hormonais | B80: 7 | C80: SE-09 | D80: EL | E80: =SUMIFS('Lista de Cargas'!P$4:P$18,'Lista de Cargas'!$H$4:$H$18,$D80,'Lista de Cargas'!$B$4:$B$18,$B80) -> 0 | F80: =SUMIFS('Lista de Cargas'!Q$4:Q$18,'Lista de Cargas'!$H$4:$H$18,$D80,'Lista de Cargas'!$B$4:$B$18,$B80) -> 0 | G80: =SUMIFS('Lista de Cargas'!R$4:R$18,'Lista de Cargas'!$H$4:$H$18,$D80,'Lista de Cargas'!$B$4:$B$18,$B80) -> 0 | H80: =SUMIFS('Lista de Cargas'!S$4:S$18,'Lista de Cargas'!$H$4:$H$18,$D80,'Lista de Cargas'!$B$4:$B$18,$B80) -> 0 | M80: =E80 -> 0 | N80: =F80 -> 0 | O80: =G80 -> 0 | P80: =H80 -> 0
A81: Hormonais | B81: 7 | C81: SE-09 | D81: AT | E81: =SUMIFS('Lista de Cargas'!P$4:P$18,'Lista de Cargas'!$H$4:$H$18,$D81,'Lista de Cargas'!$B$4:$B$18,$B81) -> 0 | F81: =SUMIFS('Lista de Cargas'!Q$4:Q$18,'Lista de Cargas'!$H$4:$H$18,$D81,'Lista de Cargas'!$B$4:$B$18,$B81) -> 0 | G81: =SUMIFS('Lista de Cargas'!R$4:R$18,'Lista de Cargas'!$H$4:$H$18,$D81,'Lista de Cargas'!$B$4:$B$18,$B81) -> 0 | H81: =SUMIFS('Lista de Cargas'!S$4:S$18,'Lista de Cargas'!$H$4:$H$18,$D81,'Lista de Cargas'!$B$4:$B$18,$B81) -> 0 | M81: =E81 -> 0 | N81: =F81 -> 0 | O81: =G81 -> 0 | P81: =H81 -> 0
A82: Hormonais | B82: 7 | C82: SE-09 | D82: TOTAL | E82: =SUM(E75:E81) -> 0 | F82: =SUM(F75:F81) -> 0 | G82: =SUM(G75:G81) -> 0 | H82: =SUM(H75:H81) -> 0
A83: - | B83: - | D83: - | E83: =E82/E$247 -> #DIV/0! | F83: =F82/F$247 -> #DIV/0! | G83: =G82/G$247 -> #DIV/0! | H83: =H82/H$247 -> #DIV/0!
A84: Espinha | B84: 8 | C84: SE-02 | D84: PR | E84: =SUMIFS('Lista de Cargas'!P$4:P$18,'Lista de Cargas'!$H$4:$H$18,$D84,'Lista de Cargas'!$B$4:$B$18,$B84) -> 0 | F84: =SUMIFS('Lista de Cargas'!Q$4:Q$18,'Lista de Cargas'!$H$4:$H$18,$D84,'Lista de Cargas'!$B$4:$B$18,$B84) -> 0 | G84: =SUMIFS('Lista de Cargas'!R$4:R$18,'Lista de Cargas'!$H$4:$H$18,$D84,'Lista de Cargas'!$B$4:$B$18,$B84) -> 0 | H84: =SUMIFS('Lista de Cargas'!S$4:S$18,'Lista de Cargas'!$H$4:$H$18,$D84,'Lista de Cargas'!$B$4:$B$18,$B84) -> 0 | M84: =E84 -> 0 | N84: =F84 -> 0 | O84: =G84 -> 0 | P84: =H84 -> 0
A85: Espinha | B85: 8 | C85: SE-02 | D85: BU | E85: =SUMIFS('Lista de Cargas'!P$4:P$18,'Lista de Cargas'!$H$4:$H$18,$D85,'Lista de Cargas'!$B$4:$B$18,$B85) -> 0 | F85: =SUMIFS('Lista de Cargas'!Q$4:Q$18,'Lista de Cargas'!$H$4:$H$18,$D85,'Lista de Cargas'!$B$4:$B$18,$B85) -> 0 | G85: =SUMIFS('Lista de Cargas'!R$4:R$18,'Lista de Cargas'!$H$4:$H$18,$D85,'Lista de Cargas'!$B$4:$B$18,$B85) -> 0 | H85: =SUMIFS('Lista de Cargas'!S$4:S$18,'Lista de Cargas'!$H$4:$H$18,$D85,'Lista de Cargas'!$B$4:$B$18,$B85) -> 0 | M85: =E85 -> 0 | N85: =F85 -> 0 | O85: =G85 -> 0 | P85: =H85 -> 0
A86: Espinha | B86: 8 | C86: SE-02 | D86: CU | E86: =SUMIFS('Lista de Cargas'!P$4:P$18,'Lista de Cargas'!$H$4:$H$18,$D86,'Lista de Cargas'!$B$4:$B$18,$B86) -> 0 | F86: =SUMIFS('Lista de Cargas'!Q$4:Q$18,'Lista de Cargas'!$H$4:$H$18,$D86,'Lista de Cargas'!$B$4:$B$18,$B86) -> 0 | G86: =SUMIFS('Lista de Cargas'!R$4:R$18,'Lista de Cargas'!$H$4:$H$18,$D86,'Lista de Cargas'!$B$4:$B$18,$B86) -> 0 | H86: =SUMIFS('Lista de Cargas'!S$4:S$18,'Lista de Cargas'!$H$4:$H$18,$D86,'Lista de Cargas'!$B$4:$B$18,$B86) -> 0 | M86: =E86 -> 0 | N86: =F86 -> 0 | O86: =G86 -> 0 | P86: =H86 -> 0
A87: Espinha | B87: 8 | C87: SE-02 | D87: HA | E87: =SUMIFS('Lista de Cargas'!P$4:P$18,'Lista de Cargas'!$H$4:$H$18,$D87,'Lista de Cargas'!$B$4:$B$18,$B87) -> 0 | F87: =SUMIFS('Lista de Cargas'!Q$4:Q$18,'Lista de Cargas'!$H$4:$H$18,$D87,'Lista de Cargas'!$B$4:$B$18,$B87) -> 0 | G87: =SUMIFS('Lista de Cargas'!R$4:R$18,'Lista de Cargas'!$H$4:$H$18,$D87,'Lista de Cargas'!$B$4:$B$18,$B87) -> 0 | H87: =SUMIFS('Lista de Cargas'!S$4:S$18,'Lista de Cargas'!$H$4:$H$18,$D87,'Lista de Cargas'!$B$4:$B$18,$B87) -> 0 | M87: =E87 -> 0 | N87: =F87 -> 0 | O87: =G87 -> 0 | P87: =H87 -> 0
A88: Espinha | B88: 8 | C88: SE-02 | D88: CI | E88: =SUMIFS('Lista de Cargas'!P$4:P$18,'Lista de Cargas'!$H$4:$H$18,$D88,'Lista de Cargas'!$B$4:$B$18,$B88) -> 0 | F88: =SUMIFS('Lista de Cargas'!Q$4:Q$18,'Lista de Cargas'!$H$4:$H$18,$D88,'Lista de Cargas'!$B$4:$B$18,$B88) -> 0 | G88: =SUMIFS('Lista de Cargas'!R$4:R$18,'Lista de Cargas'!$H$4:$H$18,$D88,'Lista de Cargas'!$B$4:$B$18,$B88) -> 0 | H88: =SUMIFS('Lista de Cargas'!S$4:S$18,'Lista de Cargas'!$H$4:$H$18,$D88,'Lista de Cargas'!$B$4:$B$18,$B88) -> 0 | M88: =E88 -> 0 | N88: =F88 -> 0 | O88: =G88 -> 0 | P88: =H88 -> 0
A89: Espinha | B89: 8 | C89: SE-02 | D89: EL | E89: =SUMIFS('Lista de Cargas'!P$4:P$18,'Lista de Cargas'!$H$4:$H$18,$D89,'Lista de Cargas'!$B$4:$B$18,$B89) -> 0 | F89: =SUMIFS('Lista de Cargas'!Q$4:Q$18,'Lista de Cargas'!$H$4:$H$18,$D89,'Lista de Cargas'!$B$4:$B$18,$B89) -> 0 | G89: =SUMIFS('Lista de Cargas'!R$4:R$18,'Lista de Cargas'!$H$4:$H$18,$D89,'Lista de Cargas'!$B$4:$B$18,$B89) -> 0 | H89: =SUMIFS('Lista de Cargas'!S$4:S$18,'Lista de Cargas'!$H$4:$H$18,$D89,'Lista de Cargas'!$B$4:$B$18,$B89) -> 0 | M89: =E89 -> 0 | N89: =F89 -> 0 | O89: =G89 -> 0 | P89: =H89 -> 0
A90: Espinha | B90: 8 | C90: SE-02 | D90: AT | E90: =SUMIFS('Lista de Cargas'!P$4:P$18,'Lista de Cargas'!$H$4:$H$18,$D90,'Lista de Cargas'!$B$4:$B$18,$B90) -> 0 | F90: =SUMIFS('Lista de Cargas'!Q$4:Q$18,'Lista de Cargas'!$H$4:$H$18,$D90,'Lista de Cargas'!$B$4:$B$18,$B90) -> 0 | G90: =SUMIFS('Lista de Cargas'!R$4:R$18,'Lista de Cargas'!$H$4:$H$18,$D90,'Lista de Cargas'!$B$4:$B$18,$B90) -> 0 | H90: =SUMIFS('Lista de Cargas'!S$4:S$18,'Lista de Cargas'!$H$4:$H$18,$D90,'Lista de Cargas'!$B$4:$B$18,$B90) -> 0 | M90: =E90 -> 0 | N90: =F90 -> 0 | O90: =G90 -> 0 | P90: =H90 -> 0
A91: Espinha | B91: 8 | C91: SE-02 | D91: TOTAL | E91: =SUM(E84:E90) -> 0 | F91: =SUM(F84:F90) -> 0 | G91: =SUM(G84:G90) -> 0 | H91: =SUM(H84:H90) -> 0
A92: - | B92: - | D92: - | E92: =E91/E$247 -> #DIV/0! | F92: =F91/F$247 -> #DIV/0! | G92: =G91/G$247 -> #DIV/0! | H92: =H91/H$247 -> #DIV/0!
A93: Utilidades | B93: 9a | C93: SE-03 | D93: PR | E93: =SUMIFS('Lista de Cargas'!P$4:P$18,'Lista de Cargas'!$H$4:$H$18,$D93,'Lista de Cargas'!$B$4:$B$18,$B93) -> 0 | F93: =SUMIFS('Lista de Cargas'!Q$4:Q$18,'Lista de Cargas'!$H$4:$H$18,$D93,'Lista de Cargas'!$B$4:$B$18,$B93) -> 0 | G93: =SUMIFS('Lista de Cargas'!R$4:R$18,'Lista de Cargas'!$H$4:$H$18,$D93,'Lista de Cargas'!$B$4:$B$18,$B93) -> 0 | H93: =SUMIFS('Lista de Cargas'!S$4:S$18,'Lista de Cargas'!$H$4:$H$18,$D93,'Lista de Cargas'!$B$4:$B$18,$B93) -> 0 | M93: =E93 -> 0 | N93: =F93 -> 0 | O93: =G93 -> 0 | P93: =H93 -> 0
A94: Utilidades | B94: 9a | C94: SE-03 | D94: BU | E94: =SUMIFS('Lista de Cargas'!P$4:P$18,'Lista de Cargas'!$H$4:$H$18,$D94,'Lista de Cargas'!$B$4:$B$18,$B94) -> 0 | F94: =SUMIFS('Lista de Cargas'!Q$4:Q$18,'Lista de Cargas'!$H$4:$H$18,$D94,'Lista de Cargas'!$B$4:$B$18,$B94) -> 0 | G94: =SUMIFS('Lista de Cargas'!R$4:R$18,'Lista de Cargas'!$H$4:$H$18,$D94,'Lista de Cargas'!$B$4:$B$18,$B94) -> 0 | H94: =SUMIFS('Lista de Cargas'!S$4:S$18,'Lista de Cargas'!$H$4:$H$18,$D94,'Lista de Cargas'!$B$4:$B$18,$B94) -> 0 | M94: =E94 -> 0 | N94: =F94 -> 0 | O94: =G94 -> 0 | P94: =H94 -> 0
A95: Utilidades | B95: 9a | C95: SE-03 | D95: CU | E95: =SUMIFS('Lista de Cargas'!P$4:P$18,'Lista de Cargas'!$H$4:$H$18,$D95,'Lista de Cargas'!$B$4:$B$18,$B95) -> 0 | F95: =SUMIFS('Lista de Cargas'!Q$4:Q$18,'Lista de Cargas'!$H$4:$H$18,$D95,'Lista de Cargas'!$B$4:$B$18,$B95) -> 0 | G95: =SUMIFS('Lista de Cargas'!R$4:R$18,'Lista de Cargas'!$H$4:$H$18,$D95,'Lista de Cargas'!$B$4:$B$18,$B95) -> 0 | H95: =SUMIFS('Lista de Cargas'!S$4:S$18,'Lista de Cargas'!$H$4:$H$18,$D95,'Lista de Cargas'!$B$4:$B$18,$B95) -> 0 | M95: =E95 -> 0 | N95: =F95 -> 0 | O95: =G95 -> 0 | P95: =H95 -> 0
A96: Utilidades | B96: 9a | C96: SE-03 | D96: HA | E96: =SUMIFS('Lista de Cargas'!P$4:P$18,'Lista de Cargas'!$H$4:$H$18,$D96,'Lista de Cargas'!$B$4:$B$18,$B96) -> 0 | F96: =SUMIFS('Lista de Cargas'!Q$4:Q$18,'Lista de Cargas'!$H$4:$H$18,$D96,'Lista de Cargas'!$B$4:$B$18,$B96) -> 0 | G96: =SUMIFS('Lista de Cargas'!R$4:R$18,'Lista de Cargas'!$H$4:$H$18,$D96,'Lista de Cargas'!$B$4:$B$18,$B96) -> 0 | H96: =SUMIFS('Lista de Cargas'!S$4:S$18,'Lista de Cargas'!$H$4:$H$18,$D96,'Lista de Cargas'!$B$4:$B$18,$B96) -> 0 | M96: =E96 -> 0 | N96: =F96 -> 0 | O96: =G96 -> 0 | P96: =H96 -> 0
A97: Utilidades | B97: 9a | C97: SE-03 | D97: CI | E97: =SUMIFS('Lista de Cargas'!P$4:P$18,'Lista de Cargas'!$H$4:$H$18,$D97,'Lista de Cargas'!$B$4:$B$18,$B97) -> 0 | F97: =SUMIFS('Lista de Cargas'!Q$4:Q$18,'Lista de Cargas'!$H$4:$H$18,$D97,'Lista de Cargas'!$B$4:$B$18,$B97) -> 0 | G97: =SUMIFS('Lista de Cargas'!R$4:R$18,'Lista de Cargas'!$H$4:$H$18,$D97,'Lista de Cargas'!$B$4:$B$18,$B97) -> 0 | H97: =SUMIFS('Lista de Cargas'!S$4:S$18,'Lista de Cargas'!$H$4:$H$18,$D97,'Lista de Cargas'!$B$4:$B$18,$B97) -> 0 | M97: =E97 -> 0 | N97: =F97 -> 0 | O97: =G97 -> 0 | P97: =H97 -> 0
A98: Utilidades | B98: 9a | C98: SE-03 | D98: EL | E98: =SUMIFS('Lista de Cargas'!P$4:P$18,'Lista de Cargas'!$H$4:$H$18,$D98,'Lista de Cargas'!$B$4:$B$18,$B98) -> 0 | F98: =SUMIFS('Lista de Cargas'!Q$4:Q$18,'Lista de Cargas'!$H$4:$H$18,$D98,'Lista de Cargas'!$B$4:$B$18,$B98) -> 0 | G98: =SUMIFS('Lista de Cargas'!R$4:R$18,'Lista de Cargas'!$H$4:$H$18,$D98,'Lista de Cargas'!$B$4:$B$18,$B98) -> 0 | H98: =SUMIFS('Lista de Cargas'!S$4:S$18,'Lista de Cargas'!$H$4:$H$18,$D98,'Lista de Cargas'!$B$4:$B$18,$B98) -> 0 | M98: =E98 -> 0 | N98: =F98 -> 0 | O98: =G98 -> 0 | P98: =H98 -> 0
A99: Utilidades | B99: 9a | C99: SE-03 | D99: AT | E99: =SUMIFS('Lista de Cargas'!P$4:P$18,'Lista de Cargas'!$H$4:$H$18,$D99,'Lista de Cargas'!$B$4:$B$18,$B99) -> 0 | F99: =SUMIFS('Lista de Cargas'!Q$4:Q$18,'Lista de Cargas'!$H$4:$H$18,$D99,'Lista de Cargas'!$B$4:$B$18,$B99) -> 0 | G99: =SUMIFS('Lista de Cargas'!R$4:R$18,'Lista de Cargas'!$H$4:$H$18,$D99,'Lista de Cargas'!$B$4:$B$18,$B99) -> 0 | H99: =SUMIFS('Lista de Cargas'!S$4:S$18,'Lista de Cargas'!$H$4:$H$18,$D99,'Lista de Cargas'!$B$4:$B$18,$B99) -> 0 | M99: =E99 -> 0 | N99: =F99 -> 0 | O99: =G99 -> 0 | P99: =H99 -> 0
A100: Utilidades | B100: 9a | C100: SE-03 | D100: TOTAL | E100: =SUM(E93:E99) -> 0 | F100: =SUM(F93:F99) -> 0 | G100: =SUM(G93:G99) -> 0 | H100: =SUM(H93:H99) -> 0
A101: - | B101: - | D101: - | E101: =E100/E$247 -> #DIV/0! | F101: =F100/F$247 -> #DIV/0! | G101: =G100/G$247 -> #DIV/0! | H101: =H100/H$247 -> #DIV/0!
...

Sheet custo-cabos
A1: CENÁRIO 1 - SUBESTAÇÃO INTERMEDIÁRIA (-400 METROS PARA SECUNDÁRIAS)
A2: DE | B2: PARA | C2: DISTÂNCIA | D2: CORRENTE | E2: CABO | F2: N FASES | G2: CRITÉRIO | H2: R$ / METRO | I2: CUSTO
A3: SE-01 | B3: SE-01A | C3: 400 | D3: 589.40911 | E3: 240 | F3: 3 | G3: AMPACIDADE | H3: 167.828 | I3: =3*H3*F3*C3 -> 604180.8
A4: SE-01 | B4: SE-07 | C4: 1000 | D4: - | I4: =3*H4*F4*C4 -> 0
A5: SE-01A | B5: SE-02 | C5: 300 | D5: 79.929643 | E5: 95 | F5: 1 | G5: CC | H5: 79.68 | I5: =3*H5*F5*C5 -> 71712
A6: SE-01A | B6: SE-03 | C6: 500 | D6: 160.88906 | E6: 95 | F6: 1 | G6: AMPACIDADE | H6: 79.68 | I6: =3*H6*F6*C6 -> 119520
A7: SE-01A | B7: SE-04 | C7: 370 | D7: 54.09552 | E7: 95 | F7: 1 | G7: CC | H7: 79.68 | I7: =3*H7*F7*C7 -> 88444.8
A8: SE-01A | B8: SE-05 | C8: 900 | D8: 50.460289 | E8: 95 | F8: 1 | G8: CC | H8: 79.68 | I8: =3*H8*F8*C8 -> 215136
A9: SE-01A | B9: SE-06 | C9: 600 | D9: 241.66301 | E9: 185 | F9: 1 | G9: AMPACIDADE | H9: 131.593 | I9: =3*H9*F9*C9 -> 236867.4
I10: =SUM(I3:I9) -> 1335861
A12: CENÁRIO 2 - SUBESTAÇÃO ENTRADA UNITÁRIA (ESCOLHIDO)
A13: DE | B13: PARA | C13: DISTÂNCIA | D13: CORRENTE | E13: CABO | F13: N FASES | G13: CRITÉRIO | H13: R$ / METRO | I13: CUSTO
A14: SE-01 | B14: SE-01A | C14: 10 | D14: 589.40911 | E14: 240 | F14: 3 | H14: 167.828 | I14: =3*H14*F14*C14 -> 15104.52
A15: SE-01 | B15: SE-02 | C15: 700 | D15: 79.929643 | E15: 95 | F15: 1 | G15: CC | H15: 79.68 | I15: =3*H15*F15*C15 -> 167328
A16: SE-01 | B16: SE-03 | C16: 900 | D16: 160.88906 | E16: 95 | F16: 1 | G16: AMPACIDADE | H16: 79.68 | I16: =3*H16*F16*C16 -> 215136
A17: SE-01 | B17: SE-04 | C17: 770 | D17: 54.09552 | E17: 95 | F17: 1 | G17: CC | H17: 79.68 | I17: =3*H17*F17*C17 -> 184060.8
A18: SE-01 | B18: SE-05 | C18: 1300 | D18: 50.460289 | E18: 95 | F18: 1 | G18: CC | H18: 79.68 | I18: =3*H18*F18*C18 -> 310752
A19: SE-01 | B19: SE-06 | C19: 1000 | D19: 241.66301 | E19: 185 | F19: 1 | G19: AMPACIDADE | H19: 131.593 | I19: =3*H19*F19*C19 -> 394779
A20: SE-01 | B20: SE-07 | C20: 1000 | D20: -
I21: =SUM(I14:I20) -> 1287160.3
A23: Medium Voltage (20KV)
A25: EPRO Compact 20kV 105
A27: SEÇÃO | E27: R$ / METRO
A28: 16 mm² | E28: 33.574
A29: 25 mm² | E29: 38.23
A30: 35 mm² | E30: 42.511
A31: 50 mm² | E31: 50.587
A32: 70 mm² | E32: 63.695
A33: 95 mm² | E33: 79.68
A34: 120 mm² | E34: 93.804
A35: 150 mm² | E35: 110.619
A36: 185 mm² | E36: 131.593
A37: 240 mm² | E37: 167.828

Sheet mc-ilum
E1: Pé direito (m) | F1: perímetro | G1: perímetro | H1: W/m² | I1: MÉTODO-W/m² Pnom | J1: MÉTODO NBR-5410 Pnom | K1: MÉTODO NBR-5410 Pnom | L1: W/ LUMINÁRIA | M1: W/m² QTD LUMINÁRIAS | N1: NBR 5410 QTD LUMINÁRIAS | O1: MÉTODO NBR-5410 QTD Tomadas | P1: MÉTODO NBR-5410 Pot Tomadas
A2: TAG | B2: Nome da sala | C2: Nome da sala | D2: m² | F2: real | G2: estimado | I2: (W) | J2: (W) | K2: (VA) | L2: (W) | M2: (pç) | N2: (pç) | O2: (pç) | P2: (W)
B3: SALA ELÉTRICA | C3: ELETRICAL ROOM | D3: 7.77 | E3: 2.8 | F3: 11.44 | G3: =4*(SQRT(D3)) -> 11.149888 | H3: 12 | I3: =H3*D3 -> 93.24 | J3: =K3*0.99 -> 99 | K3: =(IF(D3<=6,100,((ROUNDDOWN((D3-6)/4,0))*60)+100)) -> 100 | L3: 25 | M3: =ROUNDUP(I3/L3,0) -> 4 | N3: =ROUNDUP(K3/L3,0) -> 4 | O3: =(IF(D3<=6,1,((ROUNDDOWN(F3/3.5,0))))) -> 3 | P3: =O3*20*220*0.85 -> 11220
A4: D-00-T-001 | B4: VESTIÁRIO MASC. | C4: LOCKER MALE | D4: 20.06 | E4: 2.8 | F4: 20.01 | G4: =4*(SQRT(D4)) -> 17.915357 | H4: 12 | I4: =H4*D4 -> 240.72 | J4: =K4*0.91 -> 254.8 | K4: =(IF(D4<=6,100,((ROUNDDOWN((D4-6)/4,0))*60)+100)) -> 280 | L4: 49 | M4: =ROUNDUP(I4/L4,0) -> 5 | N4: =ROUNDUP(K4/L4,0) -> 6 | O4: =(IF(D4<=6,1,((ROUNDDOWN(F4/3.5,0))))) -> 5 | P4: =O4*20*220*0.85 -> 18700
A5: D-00-T-002 | B5: VESTIÁRIO FEM. | C5: LOCKER FEMALE | D5: 20.09 | E5: 2.8 | F5: 19.87 | G5: =4*(SQRT(D5)) -> 17.928748 | H5: 12 | I5: =H5*D5 -> 241.08 | J5: =K5*0.91 -> 254.8 | K5: =(IF(D5<=6,100,((ROUNDDOWN((D5-6)/4,0))*60)+100)) -> 280 | L5: 49 | M5: =ROUNDUP(I5/L5,0) -> 5 | N5: =ROUNDUP(K5/L5,0) -> 6 | O5: =(IF(D5<=6,1,((ROUNDDOWN(F5/3.5,0))))) -> 5 | P5: =O5*20*220*0.85 -> 18700
A6: D-00-T-003 | B6: A.C. MASC. | C6: PAL M | D6: 3.52 | E6: 2.8 | F6: 7.659 | G6: =4*(SQRT(D6)) -> 7.5046652 | H6: 12 | I6: =H6*D6 -> 42.24 | J6: =K6*0.91 -> 91 | K6: =(IF(D6<=6,100,((ROUNDDOWN((D6-6)/4,0))*60)+100)) -> 100 | L6: 47 | M6: =ROUNDUP(I6/L6,0) -> 1 | N6: =ROUNDUP(K6/L6,0) -> 3 | O6: =(IF(D6<=6,1,((ROUNDDOWN(F6/3.5,0))))) -> 1 | P6: =O6*20*220*0.85 -> 3740
A7: D-00-T-004 | B7: SANIT. PNE | C7: W.C PNE | D7: 5.56 | E7: 2.8 | F7: 9.438 | G7: =4*(SQRT(D7)) -> 9.4318609 | H7: 12 | I7: =H7*D7 -> 66.72 | J7: =K7*0.91 -> 91 | K7: =(IF(D7<=6,100,((ROUNDDOWN((D7-6)/4,0))*60)+100)) -> 100 | L7: 49 | M7: =ROUNDUP(I7/L7,0) -> 2 | N7: =ROUNDUP(K7/L7,0) -> 3 | O7: =(IF(D7<=6,1,((ROUNDDOWN(F7/3.5,0))))) -> 1 | P7: =O7*20*220*0.85 -> 3740
A8: D-00-T-005 | B8: A.C. FEM. | C8: PAL W | D8: 3.52 | E8: 2.8 | F8: 7.659 | G8: =4*(SQRT(D8)) -> 7.5046652 | H8: 12 | I8: =H8*D8 -> 42.24 | J8: =K8*0.91 -> 91 | K8: =(IF(D8<=6,100,((ROUNDDOWN((D8-6)/4,0))*60)+100)) -> 100 | L8: 47 | M8: =ROUNDUP(I8/L8,0) -> 1 | N8: =ROUNDUP(K8/L8,0) -> 3 | O8: =(IF(D8<=6,1,((ROUNDDOWN(F8/3.5,0))))) -> 1 | P8: =O8*20*220*0.85 -> 3740
A9: D-10-T-001 | B9: DOCUMENTAÇÃO | C9: DOCUMENTATION | D9: 47.57 | E9: 2.8 | F9: 29.123 | G9: =4*(SQRT(D9)) -> 27.588403 | H9: 12 | I9: =H9*D9 -> 570.84 | J9: =K9*0.91 -> 637 | K9: =(IF(D9<=6,100,((ROUNDDOWN((D9-6)/4,0))*60)+100)) -> 700 | L9: 25 | M9: =ROUNDUP(I9/L9,0) -> 23 | N9: =ROUNDUP(K9/L9,0) -> 28 | O9: =(IF(D9<=6,1,((ROUNDDOWN(F9/3.5,0))))) -> 8 | P9: =O9*20*220*0.85 -> 29920
A10: D-10-T-002 | B10: ESCRITÓRIO | C10: OFFICE | D10: 151.04 | E10: 2.8 | F10: 64.237 | G10: =4*(SQRT(D10)) -> 49.159333 | H10: 12 | I10: =H10*D10 -> 1812.48 | J10: =K10*0.91 -> 2056.6 | K10: =(IF(D10<=6,100,((ROUNDDOWN((D10-6)/4,0))*60)+100)) -> 2260 | L10: 25 | M10: =ROUNDUP(I10/L10,0) -> 73 | N10: =ROUNDUP(K10/L10,0) -> 91 | O10: =(IF(D10<=6,1,((ROUNDDOWN(F10/3.5,0))))) -> 18 | P10: =O10*20*220*0.85 -> 67320
A11: D-10-T-003 | B11: REUNIÃO | C11: MEETING ROOM | D11: 12.13 | E11: 2.8 | F11: 13.804 | G11: =4*(SQRT(D11)) -> 13.93126 | H11: 12 | I11: =H11*D11 -> 145.56 | J11: =K11*0.91 -> 145.6 | K11: =(IF(D11<=6,100,((ROUNDDOWN((D11-6)/4,0))*60)+100)) -> 160 | L11: 25 | M11: =ROUNDUP(I11/L11,0) -> 6 | N11: =ROUNDUP(K11/L11,0) -> 7 | O11: =(IF(D11<=6,1,((ROUNDDOWN(F11/3.5,0))))) -> 3 | P11: =O11*20*220*0.85 -> 11220
A12: D-10-T-004 | B12: REUNIÃO | C12: MEETING ROOM | D12: 13.15 | E12: 2.8 | F12: 14.779 | G12: =4*(SQRT(D12)) -> 14.505171 | H12: 12 | I12: =H12*D12 -> 157.8 | J12: =K12*0.91 -> 145.6 | K12: =(IF(D12<=6,100,((ROUNDDOWN((D12-6)/4,0))*60)+100)) -> 160 | L12: 25 | M12: =ROUNDUP(I12/L12,0) -> 7 | N12: =ROUNDUP(K12/L12,0) -> 7 | O12: =(IF(D12<=6,1,((ROUNDDOWN(F12/3.5,0))))) -> 4 | P12: =O12*20*220*0.85 -> 14960
A13: D-10-T-005 | B13: CAFÉ E RECEPÇÃO | C13: COFFEE AND RECEPTION | D13: 74.64 | E13: 2.8 | F13: 42.857 | G13: =4*(SQRT(D13)) -> 34.557778 | H13: 12 | I13: =H13*D13 -> 895.68 | J13: =K13*0.91 -> 1019.2 | K13: =(IF(D13<=6,100,((ROUNDDOWN((D13-6)/4,0))*60)+100)) -> 1120 | L13: 25 | M13: =ROUNDUP(I13/L13,0) -> 36 | N13: =ROUNDUP(K13/L13,0) -> 45 | O13: =(IF(D13<=6,1,((ROUNDDOWN(F13/3.5,0))))) -> 12 | P13: =O13*20*220*0.85 -> 44880
A14: D-10-T-006 | B14: QUIET ROOM | C14: QUIET ROOM | D14: 5.76 | E14: 2.8 | F14: 9.6 | G14: =4*(SQRT(D14)) -> 9.6 | H14: 12 | I14: =H14*D14 -> 69.12 | J14: =K14*0.91 -> 91 | K14: =(IF(D14<=6,100,((ROUNDDOWN((D14-6)/4,0))*60)+100)) -> 100 | L14: 47 | M14: =ROUNDUP(I14/L14,0) -> 2 | N14: =ROUNDUP(K14/L14,0) -> 3 | O14: =(IF(D14<=6,1,((ROUNDDOWN(F14/3.5,0))))) -> 1 | P14: =O14*20*220*0.85 -> 3740
A15: D-10-T-007 | B15: QUIET ROOM | C15: QUIET ROOM | D15: 5.52 | E15: 2.8 | F15: 9.4 | G15: =4*(SQRT(D15)) -> 9.3978721 | H15: 12 | I15: =H15*D15 -> 66.24 | J15: =K15*0.91 -> 91 | K15: =(IF(D15<=6,100,((ROUNDDOWN((D15-6)/4,0))*60)+100)) -> 100 | L15: 47 | M15: =ROUNDUP(I15/L15,0) -> 2 | N15: =ROUNDUP(K15/L15,0) -> 3 | O15: =(IF(D15<=6,1,((ROUNDDOWN(F15/3.5,0))))) -> 1 | P15: =O15*20*220*0.85 -> 3740
... A30: D-20-T-019 | B30: CASA DE GASES | C30: GAS | D30: 4.74 | E30: 3 | F30: 9.5 | G30: =4*(SQRT(D30)) -> 8.7086164 | H30: 12 | I30: =H30*D30 -> 56.88 | J30: =K30*0.91 -> 91 | K30: =(IF(D30<=6,100,((ROUNDDOWN((D30-6)/4,0))*60)+100)) -> 100 | L30: 47 | M30: =ROUNDUP(I30/L30,0) -> 2 | N30: =ROUNDUP(K30/L30,0) -> 3 | O30: =(IF(D30<=6,1,((ROUNDDOWN(F30/3.5,0))))) -> 1 | P30: =O30*20*220*0.85 -> 3740
A31: D-20-T-20 | C31: GAS | D31: 2.25 | E31: 2.438 | F31: 5.173 | G31: =4*(SQRT(D31)) -> 6 | H31: 12 | I31: =H31*D31 -> 27 | J31: =K31*0.91 -> 91 | K31: =(IF(D31<=6,100,((ROUNDDOWN((D31-6)/4,0))*60)+100)) -> 100 | L31: 47 | M31: =ROUNDUP(I31/L31,0) -> 1 | N31: =ROUNDUP(K31/L31,0) -> 3 | O31: =(IF(D31<=6,1,((ROUNDDOWN(F31/3.5,0))))) -> 1 | P31: =O31*20*220*0.85 -> 3740
A32: D-20-T-21 | C32: ACETONITRILE | D32: 3.24 | E32: 2.438 | F32: 7.2 | G32: =4*(SQRT(D32)) -> 7.2 | H32: 12 | I32: =H32*D32 -> 38.88 | J32: =K32*0.91 -> 91 | K32: =(IF(D32<=6,100,((ROUNDDOWN((D32-6)/4,0))*60)+100)) -> 100 | L32: 47 | M32: =ROUNDUP(I32/L32,0) -> 1 | N32: =ROUNDUP(K32/L32,0) -> 3 | O32: =(IF(D32<=6,1,((ROUNDDOWN(F32/3.5,0))))) -> 1 | P32: =O32*20*220*0.85 -> 3740
A33: D-30-T-001 | B33: RECEBIMENTO DE MATERIAL | C33: MATERIAL STORING MB | D33: 15.32 | E33: 3 | F33: 18.247 | G33: =4*(SQRT(D33)) -> 15.656309 | H33: 12 | I33: =H33*D33 -> 183.84 | J33: =K33*0.91 -> 200.2 | K33: =(IF(D33<=6,100,((ROUNDDOWN((D33-6)/4,0))*60)+100)) -> 220 | L33: 47 | M33: =ROUNDUP(I33/L33,0) -> 4 | N33: =ROUNDUP(K33/L33,0) -> 5 | O33: =(IF(D33<=6,1,((ROUNDDOWN(F33/3.5,0))))) -> 5 | P33: =O33*20*220*0.85 -> 18700
A34: D-30-T-002 | B34: CORREDOR | C34: CORRIDOR | D34: 45.8 | E34: 3 | F34: 52.274 | G34: =4*(SQRT(D34)) -> 27.070279 | H34: 12 | I34: =H34*D34 -> 549.6 | J34: =K34*0.91 -> 582.4 | K34: =(IF(D34<=6,100,((ROUNDDOWN((D34-6)/4,0))*60)+100)) -> 640 | L34: 47 | M34: =ROUNDUP(I34/L34,0) -> 12 | N34: =ROUNDUP(K34/L34,0) -> 14 | O34: =(IF(D34<=6,1,((ROUNDDOWN(F34/3.5,0))))) -> 14 | P34: =O34*20*220*0.85 -> 52360
A35: D-30-T-003 | B35: PREPARAÇÃO DE MEDIA | C35: MEDIA PREPARATION ROOM | D35: 18.29 | E35: 3 | F35: 17.994 | G35: =4*(SQRT(D35)) -> 17.106724 | H35: 12 | I35: =H35*D35 -> 219.48 | J35: =K35*0.91 -> 254.8 | K35: =(IF(D35<=6,100,((ROUNDDOWN((D35-6)/4,0))*60)+100)) -> 280 | L35: 47 | M35: =ROUNDUP(I35/L35,0) -> 5 | N35: =ROUNDUP(K35/L35,0) -> 6 | O35: =(IF(D35<=6,1,((ROUNDDOWN(F35/3.5,0))))) -> 5 | P35: =O35*20*220*0.85 -> 18700
A36: D-30-T-004 | B36: TESTE DE ESTERILIDADE | C36: STERILITY TEST-ROOM | D36: 18.71 | E36: 3 | F36: 18.188 | G36: =4*(SQRT(D36)) -> 17.302023 | H36: 12 | I36: =H36*D36 -> 224.52 | J36: =K36*0.91 -> 254.8 | K36: =(IF(D36<=6,100,((ROUNDDOWN((D36-6)/4,0))*60)+100)) -> 280 | L36: 47 | M36: =ROUNDUP(I36/L36,0) -> 5 | N36: =ROUNDUP(K36/L36,0) -> 6 | O36: =(IF(D36<=6,1,((ROUNDDOWN(F36/3.5,0))))) -> 5 | P36: =O36*20*220*0.85 -> 18700
A37: D-30-T-005 | B37: ANÁLISE MICRO II | C37: MICRO ANALYTICAL ROOM II | D37: 12.72 | E37: 3 | F37: 17.094 | G37: =4*(SQRT(D37)) -> 14.266044 | H37: 12 | I37: =H37*D37 -> 152.64 | J37: =K37*0.91 -> 145.6 | K37: =(IF(D37<=6,100,((ROUNDDOWN((D37-6)/4,0))*60)+100)) -> 160 | L37: 47 | M37: =ROUNDUP(I37/L37,0) -> 4 | N37: =ROUNDUP(K37/L37,0) -> 4 | O37: =(IF(D37<=6,1,((ROUNDDOWN(F37/3.5,0))))) -> 4 | P37: =O37*20*220*0.85 -> 14960
A38: D-30-T-006 | B38: A.C. | C38: PAL | D38: 3.2 | E38: 3 | F38: 7.194 | G38: =4*(SQRT(D38)) -> 7.1554175 | H38: 12 | I38: =H38*D38 -> 38.4 | J38: =K38*0.91 -> 91 | K38: =(IF(D38<=6,100,((ROUNDDOWN((D38-6)/4,0))*60)+100)) -> 100 | L38: 47 | M38: =ROUNDUP(I38/L38,0) -> 1 | N38: =ROUNDUP(K38/L38,0) -> 3 | O38: =(IF(D38<=6,1,((ROUNDDOWN(F38/3.5,0))))) -> 1 | P38: =O38*20*220*0.85 -> 3740
A39: D-30-T-007 | B39: ANÁLISE MICRO I | C39: MICRO ANALYTICAL ROOM I | D39: 15.51 | E39: 3 | F39: 18.294 | G39: =4*(SQRT(D39)) -> 15.753095 | H39: 12 | I39: =H39*D39 -> 186.12 | J39: =K39*0.91 -> 200.2 | K39: =(IF(D39<=6,100,((ROUNDDOWN((D39-6)/4,0))*60)+100)) -> 220 | L39: 47 | M39: =ROUNDUP(I39/L39,0) -> 4 | N39: =ROUNDUP(K39/L39,0) -> 5 | O39: =(IF(D39<=6,1,((ROUNDDOWN(F39/3.5,0))))) -> 5 | P39: =O39*20*220*0.85 -> 18700
A40: D-30-T-008 | B40: A.C. | C40: PAL | D40: 3.84 | E40: 3 | F40: 7.994 | G40: =4*(SQRT(D40)) -> 7.8383672 | H40: 12 | I40: =H40*D40 -> 46.08 | J40: =K40*0.91 -> 91 | K40: =(IF(D40<=6,100,((ROUNDDOWN((D40-6)/4,0))*60)+100)) -> 100 | L40: 47 | M40: =ROUNDUP(I40/L40,0) -> 1 | N40: =ROUNDUP(K40/L40,0) -> 3 | O40: =(IF(D40<=6,1,((ROUNDDOWN(F40/3.5,0))))) -> 1 | P40: =O40*20*220*0.85 -> 3740
A41: D-30-T-009 | B41: SALA DE INCUBAÇÃO | C41: INCUBATION ROOM | D41: 19.69 | E41: 3 | F41: 19.627 | G41: =4*(SQRT(D41)) -> 17.749366 | H41: 12 | I41: =H41*D41 -> 236.28 | J41: =K41*0.91 -> 254.8 | K41: =(IF(D41<=6,100,((ROUNDDOWN((D41-6)/4,0))*60)+100)) -> 280 | L41: 47 | M41: =ROUNDUP(I41/L41,0) -> 6 | N41: =ROUNDUP(K41/L41,0) -> 6 | O41: =(IF(D41<=6,1,((ROUNDDOWN(F41/3.5,0))))) -> 5 | P41: =O41*20*220*0.85 -> 18700
A42: D-30-T-010 | B42: ÁREA DE LAVAGEM | C42: WASHING ROOM | D42: 19.79 | E42: 3 | F42: 19.312 | G42: =4*(SQRT(D42)) -> 17.794381 | H42: 12 | I42: =H42*D42 -> 237.48 | J42: =K42*0.91 -> 254.8 | K42: =(IF(D42<=6,100,((ROUNDDOWN((D42-6)/4,0))*60)+100)) -> 280 | L42: 47 | M42: =ROUNDUP(I42/L42,0) -> 6 | N42: =ROUNDUP(K42/L42,0) -> 6 | O42: =(IF(D42<=6,1,((ROUNDDOWN(F42/3.5,0))))) -> 5 | P42: =O42*20*220*0.85 -> 18700
A43: D-30-T-011 | B43: ESCRITÓRIO | C43: OFFICE | D43: 9.9 | E43: 3 | F43: 12.318 | G43: =4*(SQRT(D43)) -> 12.585706 | H43: 12 | I43: =H43*D43 -> 118.8 | J43: =K43*0.91 -> 91 | K43: =(IF(D43<=6,100,((ROUNDDOWN((D43-6)/4,0))*60)+100)) -> 100 | L43: 25 | M43: =ROUNDUP(I43/L43,0) -> 5 | N43: =ROUNDUP(K43/L43,0) -> 4 | O43: =(IF(D43<=6,1,((ROUNDDOWN(F43/3.5,0))))) -> 3 | P43: =O43*20*220*0.85 -> 11220
A44: D-30-T-012 | B44: ÁREA MATERIAL LIMPO | C44: CLEANING AREA | D44: 19.14 | E44: 3 | F44: 20.614 | G44: =4*(SQRT(D44)) -> 17.499714 | H44: 12 | I44: =H44*D44 -> 229.68 | J44: =K44*0.91 -> 254.8 | K44: =(IF(D44<=6,100,((ROUNDDOWN((D44-6)/4,0))*60)+100)) -> 280 | L44: 47 | M44: =ROUNDUP(I44/L44,0) -> 5 | N44: =ROUNDUP(K44/L44,0) -> 6 | O44: =(IF(D44<=6,1,((ROUNDDOWN(F44/3.5,0))))) -> 5 | P44: =O44*20*220*0.85 -> 18700
... A49: D-40-T-005 | B49: SAÍDA DE RESÍDUOS | C49: WASTE AREA | D49: 9.31 | E49: 3 | F49: 12.545 | G49: =4*(SQRT(D49)) -> 12.204917 | H49: 12 | I49: =H49*D49 -> 111.72 | J49: =K49*0.91 -> 91 | K49: =(IF(D49<=6,100,((ROUNDDOWN((D49-6)/4,0))*60)+100)) -> 100 | L49: 47 | M49: =ROUNDUP(I49/L49,0) -> 3 | N49: =ROUNDUP(K49/L49,0) -> 3 | O49: =(IF(D49<=6,1,((ROUNDDOWN(F49/3.5,0))))) -> 3 | P49: =O49*20*220*0.85 -> 11220
A50: TEMPORARY AREA | C50: DOCUMENTATION | D50: 55.29 | E50: 3.95 | F50: 30.777 | G50: =4*(SQRT(D50)) -> 29.742898 | H50: 12 | I50: =H50*D50 -> 663.48 | J50: =K50*0.91 -> 746.2 | K50: =(IF(D50<=6,100,((ROUNDDOWN((D50-6)/4,0))*60)+100)) -> 820 | L50: 47 | M50: =ROUNDUP(I50/L50,0) -> 15 | N50: =ROUNDUP(K50/L50,0) -> 18 | O50: =(IF(D50<=6,1,((ROUNDDOWN(F50/3.5,0))))) -> 8 | P50: =O50*20*220*0.85 -> 29920
A51: - | B51: - | C51: - | D51: =SUM(D3:D50) -> 1177.06 | E51: - | F51: =SUM(F3:F50) -> 962.356 | G51: - | H51: - | I51: =(SUM(I3:I50))/1000 -> 14.12472 | J51: =(SUM(J3:J50))/1000 -> 15.842 | K51: =(SUM(K3:K50))/1000 -> 17.4 | L51: - | M51: =SUM(M3:M50) -> 392 | N51: =SUM(N3:N50) -> 480 | O51: =SUM(O3:O50) -> 240 | P51: =SUM(P3:P50)/1000 -> 897.6
P52: kW
P54: =P51*Q54*Q55 -> 89.76 | Q54: 0.25 | R54: FS
Q55: 0.4 | R55: FD

Sheet TUG-resid
A1: cômodos ou dependências com área <= | B1: 6 | C1: m² | D1: 1 | E1: tomada | F1: - | G1: -
A2: cômodos ou dependências com área > | B2: 6 | C2: m² | D2: 1 | E2: tomada a cada | F2: 5 | G2: m
A3: cozinha, copas, copas-cozinhas e áreas de serviço | B3: - | C3: - | D3: 1 | E3: tomada a cada | F3: 3.5 | G3: m
A4: subsolos, varandas, garagens ou sótãos | B4: - | C4: - | D4: 1 | E4: tomada pelo menos | F4: - | G4: -
A5: banheiros | B5: - | C5: - | D5: 1 | E5: tomada pelo menos junto ao lavatório | F5: - | G5: -
A6: varandas | B6: - | C6: - | D6: 1 | E6: no local ou próximo | F6: - | G6: -
